account_id,customer_id,account_type,account_status,current_balance,available_balance,opened_date
ACC0000001,CUST000492,SAVINGS,ACTIVE,10118.68,10118.68,2018-08-27
ACC0000002,CUST000312,CHECKING,ACTIVE,198341.34,180364.11,2020-01-08
ACC0000003,CUST000202,CHECKING,ACTIVE,93407.48,77485.45,2025-04-13
ACC0000004,CUST000083,SAVINGS,ACTIVE,205144.89,205144.89,2022-02-23
ACC0000005,CUST000193,CHECKING,ACTIVE,149505.62,149505.62,2025-10-19
ACC0000006,CUST000152,SAVINGS,DORMANT,47061.53,47061.53,2020-08-17
ACC0000007,CUST000049,SAVINGS,ACTIVE,156068.75,156068.75,2018-05-16
ACC0000008,CUST000086,CHECKING,DORMANT,83153.11,74357.32,2017-09-23
ACC0000009,CUST000189,CHECKING,ACTIVE,80225.75,80225.75,2025-09-11
ACC0000010,CUST000153,SAVINGS,DORMANT,242309.02,242309.02,2018-04-25
ACC0000011,CUST000243,SAVINGS,ACTIVE,238829.6,238829.6,2025-07-19
ACC0000012,CUST000294,SAVINGS,ACTIVE,89851.23,89851.23,2020-06-25
ACC0000013,CUST000002,CHECKING,FROZEN,106473.68,106473.68,2017-03-14
ACC0000014,CUST000061,SAVINGS,ACTIVE,31517.8,31517.8,2018-01-10
ACC0000015,CUST000045,CHECKING,ACTIVE,175903.35,146221.95,2024-03-04
ACC0000016,CUST000351,SAVINGS,ACTIVE,211940.92,211940.92,2019-11-29
ACC0000017,CUST000178,CHECKING,ACTIVE,102471.33,86066.37,2024-06-28
ACC0000018,CUST000343,CHECKING,CLOSED,195918.42,195918.42,2023-12-30
ACC0000019,CUST000422,SAVINGS,ACTIVE,86677.29,73214.65,2021-05-06
ACC0000020,CUST000280,CHECKING,ACTIVE,125601.2,125601.2,2023-07-13
ACC0000021,CUST000080,CHECKING,ACTIVE,55295.04,50330.96,2018-08-23
ACC0000022,CUST000103,SAVINGS,ACTIVE,55273.79,49014.14,2026-04-27
ACC0000023,CUST000134,CHECKING,ACTIVE,47116.8,47116.8,2024-10-14
ACC0000024,CUST000047,SAVINGS,ACTIVE,173295.64,173295.64,2023-06-03
ACC0000025,CUST000361,SAVINGS,ACTIVE,209384.09,176119.72,2023-12-25
ACC0000026,CUST000147,SAVINGS,ACTIVE,2992.81,2992.81,2021-02-03
ACC0000027,CUST000433,SAVINGS,ACTIVE,244295.4,229245.78,2020-09-04
ACC0000028,CUST000311,CHECKING,ACTIVE,203900.75,203900.75,2017-07-11
ACC0000029,CUST000097,CHECKING,ACTIVE,220507.09,220507.09,2018-04-19
ACC0000030,CUST000249,SAVINGS,ACTIVE,202604.48,202604.48,2025-10-07
ACC0000031,CUST000256,CHECKING,ACTIVE,85782.73,85782.73,2022-11-18
ACC0000032,CUST000358,SAVINGS,ACTIVE,89863.5,83306.59,2017-02-09
ACC0000033,CUST000094,SAVINGS,ACTIVE,199100.76,189678.14,2021-08-12
ACC0000034,CUST000486,CHECKING,ACTIVE,60357.59,60357.59,2025-01-07
ACC0000035,CUST000353,CHECKING,ACTIVE,197282.78,197282.78,2020-11-17
ACC0000036,CUST000427,CHECKING,DORMANT,97415.64,97415.64,2020-09-14
ACC0000037,CUST000158,SAVINGS,ACTIVE,90977.26,89095.6,2020-02-01
ACC0000038,CUST000295,SAVINGS,ACTIVE,173443.52,159806.1,2020-03-08
ACC0000039,CUST000005,SAVINGS,ACTIVE,117961.46,117961.46,2025-08-18
ACC0000040,CUST000230,CHECKING,ACTIVE,72167.38,72167.38,2020-05-21
ACC0000041,CUST000184,CHECKING,ACTIVE,106855.56,106855.56,2022-10-10
ACC0000042,CUST000095,CHECKING,ACTIVE,230465.17,230465.17,2024-03-09
ACC0000043,CUST000031,CHECKING,ACTIVE,81625.07,79619.8,2025-07-20
ACC0000044,CUST000315,CHECKING,ACTIVE,55148.45,55148.45,2017-10-19
ACC0000045,CUST000156,CHECKING,ACTIVE,99552.01,99552.01,2016-09-08
ACC0000046,CUST000133,SAVINGS,ACTIVE,125695.75,125695.75,2024-05-24
ACC0000047,CUST000252,SAVINGS,FROZEN,197921.93,197921.93,2018-07-28
ACC0000048,CUST000191,CHECKING,ACTIVE,212509.9,184303.02,2019-05-08
ACC0000049,CUST000268,CHECKING,ACTIVE,208285.23,208285.23,2019-12-31
ACC0000050,CUST000228,CHECKING,ACTIVE,45046.92,45046.92,2025-02-08
ACC0000051,CUST000119,SAVINGS,ACTIVE,5441.42,4546.29,2026-05-12
ACC0000052,CUST000045,CHECKING,ACTIVE,60830.48,56377.53,2020-08-14
ACC0000053,CUST000020,CHECKING,ACTIVE,149998.23,130328.75,2019-02-13
ACC0000054,CUST000415,CHECKING,ACTIVE,26164.74,23258.71,2020-01-01
ACC0000055,CUST000279,CHECKING,ACTIVE,80538.95,75981.24,2018-04-14
ACC0000056,CUST000011,SAVINGS,ACTIVE,22580.35,22580.35,2017-01-05
ACC0000057,CUST000231,SAVINGS,ACTIVE,236326.58,236326.58,2019-04-06
ACC0000058,CUST000042,SAVINGS,ACTIVE,99725.05,99725.05,2018-03-10
ACC0000059,CUST000185,SAVINGS,ACTIVE,54493.16,54493.16,2025-04-03
ACC0000060,CUST000459,CHECKING,ACTIVE,124193.92,124193.92,2021-08-18
ACC0000061,CUST000133,SAVINGS,ACTIVE,119988.49,119988.49,2025-05-05
ACC0000062,CUST000408,SAVINGS,ACTIVE,242304.32,242304.32,2021-01-30
ACC0000063,CUST000400,SAVINGS,DORMANT,183234.07,154757.74,2026-02-02
ACC0000064,CUST000149,CHECKING,ACTIVE,5637.35,5637.35,2016-11-08
ACC0000065,CUST000472,SAVINGS,ACTIVE,156153.81,146159.77,2023-06-15
ACC0000066,CUST000156,CHECKING,ACTIVE,226596.44,226596.44,2020-11-10
ACC0000067,CUST000457,CHECKING,ACTIVE,218478.85,218478.85,2018-02-14
ACC0000068,CUST000015,CHECKING,ACTIVE,84401.69,84401.69,2024-07-21
ACC0000069,CUST000479,CHECKING,ACTIVE,143551.15,143551.15,2023-02-16
ACC0000070,CUST000270,SAVINGS,ACTIVE,136290.26,136290.26,2025-09-17
ACC0000071,CUST000421,CHECKING,ACTIVE,93124.59,93124.59,2021-02-02
ACC0000072,CUST000066,SAVINGS,ACTIVE,148032.26,148032.26,2022-08-01
ACC0000073,CUST000305,SAVINGS,ACTIVE,68285.75,62894.22,2018-08-31
ACC0000074,CUST000460,CHECKING,DORMANT,145313.42,145313.42,2022-09-15
ACC0000075,CUST000361,CHECKING,ACTIVE,23548.69,20973.15,2023-02-28
ACC0000076,CUST000283,SAVINGS,DORMANT,131279.68,124931.59,2023-12-02
ACC0000077,CUST000455,CHECKING,ACTIVE,157546.32,147488.68,2025-03-18
ACC0000078,CUST000194,CHECKING,ACTIVE,219326.52,219326.52,2022-10-25
ACC0000079,CUST000380,SAVINGS,FROZEN,53153.71,53153.71,2025-10-31
ACC0000080,CUST000122,CHECKING,FROZEN,8525.1,8525.1,2018-09-06
ACC0000081,CUST000042,CHECKING,ACTIVE,182935.38,182935.38,2023-05-24
ACC0000082,CUST000168,SAVINGS,ACTIVE,202086.58,202086.58,2017-01-25
ACC0000083,CUST000337,SAVINGS,CLOSED,138539.52,138539.52,2025-06-13
ACC0000084,CUST000314,SAVINGS,ACTIVE,109116.42,109116.42,2016-08-11
ACC0000085,CUST000107,CHECKING,ACTIVE,22447.31,22447.31,2024-04-11
ACC0000086,CUST000380,CHECKING,DORMANT,107731.08,107731.08,2018-02-18
ACC0000087,CUST000284,SAVINGS,ACTIVE,41474.62,41474.62,2024-07-28
ACC0000088,CUST000061,SAVINGS,ACTIVE,120025.58,120025.58,2017-02-13
ACC0000089,CUST000287,SAVINGS,ACTIVE,11917.63,11917.63,2017-06-24
ACC0000090,CUST000375,SAVINGS,ACTIVE,224770.44,214570.24,2020-07-14
ACC0000091,CUST000455,SAVINGS,FROZEN,212023.55,212023.55,2022-06-16
ACC0000092,CUST000488,SAVINGS,ACTIVE,160053.45,148133.84,2017-02-17
ACC0000093,CUST000283,SAVINGS,ACTIVE,4012.08,4012.08,2020-02-11
ACC0000094,CUST000265,CHECKING,ACTIVE,76036.9,76036.9,2024-01-24
ACC0000095,CUST000078,SAVINGS,ACTIVE,99529.49,99529.49,2025-06-19
ACC0000096,CUST000487,CHECKING,ACTIVE,44404.74,44404.74,2023-01-07
ACC0000097,CUST000265,CHECKING,ACTIVE,66475.1,66475.1,2026-02-12
ACC0000098,CUST000417,SAVINGS,ACTIVE,87994.48,87994.48,2018-09-26
ACC0000099,CUST000340,SAVINGS,ACTIVE,146521.82,146521.82,2017-07-25
ACC0000100,CUST000458,CHECKING,ACTIVE,242599.9,242599.9,2019-09-06
ACC0000101,CUST000424,SAVINGS,ACTIVE,152925.96,152925.96,2025-08-04
ACC0000102,CUST000313,CHECKING,ACTIVE,124193.94,124193.94,2017-04-26
ACC0000103,CUST000018,SAVINGS,FROZEN,94082.49,80819.6,2023-07-14
ACC0000104,CUST000032,SAVINGS,ACTIVE,107465.55,107465.55,2024-04-16
ACC0000105,CUST000427,CHECKING,ACTIVE,232910.06,223789.13,2018-02-14
ACC0000106,CUST000200,CHECKING,ACTIVE,193116.87,193116.87,2023-11-18
ACC0000107,CUST000391,CHECKING,ACTIVE,19745.0,16192.04,2021-05-11
ACC0000108,CUST000458,CHECKING,ACTIVE,183625.02,183625.02,2023-11-26
ACC0000109,CUST000157,SAVINGS,ACTIVE,78005.82,78005.82,2023-12-10
ACC0000110,CUST000489,SAVINGS,ACTIVE,178723.75,178723.75,2023-11-09
ACC0000111,CUST000241,CHECKING,ACTIVE,194488.38,194488.38,2024-05-12
ACC0000112,CUST000162,CHECKING,ACTIVE,146203.36,117849.58,2026-04-10
ACC0000113,CUST000261,SAVINGS,ACTIVE,125500.06,125500.06,2023-02-04
ACC0000114,CUST000418,CHECKING,CLOSED,152158.29,152158.29,2022-07-16
ACC0000115,CUST000311,CHECKING,ACTIVE,90932.83,90932.83,2026-05-15
ACC0000116,CUST000257,SAVINGS,ACTIVE,169949.7,169949.7,2022-03-09
ACC0000117,CUST000262,SAVINGS,DORMANT,108116.91,108116.91,2018-04-10
ACC0000118,CUST000295,CHECKING,ACTIVE,180619.66,159568.74,2024-07-20
ACC0000119,CUST000322,CHECKING,ACTIVE,75694.09,75694.09,2020-10-15
ACC0000120,CUST000349,CHECKING,ACTIVE,219238.63,219238.63,2024-09-24
ACC0000121,CUST000391,SAVINGS,DORMANT,121698.6,121698.6,2025-12-16
ACC0000122,CUST000291,CHECKING,ACTIVE,3761.25,3761.25,2017-01-30
ACC0000123,CUST000321,CHECKING,DORMANT,70184.71,70184.71,2016-10-06
ACC0000124,CUST000494,SAVINGS,ACTIVE,145644.63,145644.63,2018-10-14
ACC0000125,CUST000195,CHECKING,ACTIVE,248825.82,223295.2,2020-01-02
ACC0000126,CUST000063,CHECKING,ACTIVE,219176.8,219176.8,2021-05-05
ACC0000127,CUST000014,CHECKING,ACTIVE,215359.3,215359.3,2024-09-06
ACC0000128,CUST000266,SAVINGS,ACTIVE,13866.86,13866.86,2021-10-28
ACC0000129,CUST000454,CHECKING,ACTIVE,201181.25,201181.25,2019-01-10
ACC0000130,CUST000429,SAVINGS,ACTIVE,136407.63,136407.63,2019-11-02
ACC0000131,CUST000359,SAVINGS,FROZEN,57303.36,54139.59,2023-02-22
ACC0000132,CUST000181,CHECKING,ACTIVE,24672.27,24040.43,2023-02-11
ACC0000133,CUST000301,CHECKING,ACTIVE,244067.72,201445.62,2021-06-11
ACC0000134,CUST000097,SAVINGS,ACTIVE,92142.35,92142.35,2023-04-05
ACC0000135,CUST000168,SAVINGS,ACTIVE,142059.87,142059.87,2019-12-11
ACC0000136,CUST000012,SAVINGS,ACTIVE,7846.83,7846.83,2017-04-15
ACC0000137,CUST000002,CHECKING,ACTIVE,164449.59,164449.59,2025-10-18
ACC0000138,CUST000228,CHECKING,ACTIVE,192166.63,192166.63,2016-07-31
ACC0000139,CUST000131,SAVINGS,ACTIVE,234115.83,234115.83,2025-08-10
ACC0000140,CUST000266,CHECKING,ACTIVE,169048.79,169048.79,2025-07-28
ACC0000141,CUST000165,SAVINGS,ACTIVE,73716.6,73716.6,2024-10-28
ACC0000142,CUST000174,SAVINGS,ACTIVE,171637.07,171637.07,2019-06-23
ACC0000143,CUST000376,SAVINGS,FROZEN,152396.25,152396.25,2023-01-04
ACC0000144,CUST000391,CHECKING,DORMANT,8904.22,8904.22,2017-01-18
ACC0000145,CUST000051,SAVINGS,ACTIVE,122652.57,122652.57,2025-04-21
ACC0000146,CUST000411,CHECKING,ACTIVE,75853.26,61457.2,2018-03-16
ACC0000147,CUST000375,SAVINGS,ACTIVE,184098.34,184098.34,2022-05-01
ACC0000148,CUST000414,CHECKING,ACTIVE,110214.66,110214.66,2021-07-22
ACC0000149,CUST000210,SAVINGS,ACTIVE,197114.05,182113.73,2025-08-15
ACC0000150,CUST000009,CHECKING,ACTIVE,65674.48,56699.82,2023-01-13
ACC0000151,CUST000277,SAVINGS,ACTIVE,82823.42,82823.42,2023-05-21
ACC0000152,CUST000349,CHECKING,ACTIVE,206468.27,206468.27,2021-04-27
ACC0000153,CUST000383,SAVINGS,DORMANT,91300.12,82246.88,2025-07-31
ACC0000154,CUST000158,SAVINGS,CLOSED,121384.62,107343.53,2023-04-09
ACC0000155,CUST000046,CHECKING,ACTIVE,2412.64,2412.64,2021-04-12
ACC0000156,CUST000025,CHECKING,ACTIVE,223605.29,184331.72,2018-09-14
ACC0000157,CUST000072,SAVINGS,ACTIVE,66598.3,66598.3,2022-06-02
ACC0000158,CUST000328,CHECKING,ACTIVE,189826.6,179668.55,2020-03-09
ACC0000159,CUST000342,SAVINGS,ACTIVE,50153.53,50153.53,2022-10-16
ACC0000160,CUST000053,SAVINGS,CLOSED,195463.17,195463.17,2017-06-30
ACC0000161,CUST000365,CHECKING,FROZEN,236706.48,236706.48,2018-08-21
ACC0000162,CUST000450,CHECKING,ACTIVE,50162.31,50162.31,2020-03-21
ACC0000163,CUST000164,SAVINGS,ACTIVE,115509.97,115509.97,2018-01-31
ACC0000164,CUST000011,SAVINGS,FROZEN,222809.5,222809.5,2020-04-21
ACC0000165,CUST000213,SAVINGS,DORMANT,175210.57,157160.74,2022-07-23
ACC0000166,CUST000371,CHECKING,ACTIVE,87115.14,87115.14,2017-09-11
ACC0000167,CUST000388,CHECKING,ACTIVE,214113.14,212277.95,2023-05-21
ACC0000168,CUST000372,CHECKING,ACTIVE,203889.46,203889.46,2023-09-26
ACC0000169,CUST000231,SAVINGS,ACTIVE,71126.82,71126.82,2018-02-10
ACC0000170,CUST000304,SAVINGS,ACTIVE,41790.33,39220.08,2025-12-11
ACC0000171,CUST000105,CHECKING,ACTIVE,61581.03,60076.01,2017-05-23
ACC0000172,CUST000169,SAVINGS,ACTIVE,21195.23,21195.23,2024-01-22
ACC0000173,CUST000254,SAVINGS,ACTIVE,143500.03,143500.03,2018-01-11
ACC0000174,CUST000331,SAVINGS,ACTIVE,135995.15,135995.15,2020-10-07
ACC0000175,CUST000186,CHECKING,ACTIVE,144708.23,144708.23,2020-03-01
ACC0000176,CUST000273,SAVINGS,ACTIVE,65389.89,65389.89,2019-11-14
ACC0000177,CUST000024,CHECKING,ACTIVE,168578.83,148505.96,2022-05-07
ACC0000178,CUST000372,CHECKING,ACTIVE,144522.65,144522.65,2021-05-05
ACC0000179,CUST000452,CHECKING,ACTIVE,170786.3,170786.3,2016-11-28
ACC0000180,CUST000435,CHECKING,ACTIVE,73963.67,61254.83,2017-12-27
ACC0000181,CUST000096,CHECKING,ACTIVE,145024.63,141665.32,2018-10-01
ACC0000182,CUST000214,SAVINGS,ACTIVE,164957.64,164957.64,2023-05-25
ACC0000183,CUST000196,CHECKING,ACTIVE,218793.32,218793.32,2018-01-25
ACC0000184,CUST000457,CHECKING,ACTIVE,79113.52,79113.52,2019-06-30
ACC0000185,CUST000233,CHECKING,ACTIVE,233020.15,233020.15,2020-08-07
ACC0000186,CUST000342,CHECKING,DORMANT,243018.68,243018.68,2020-07-08
ACC0000187,CUST000057,CHECKING,ACTIVE,179821.85,179821.85,2022-03-13
ACC0000188,CUST000331,CHECKING,ACTIVE,224738.58,224738.58,2026-04-11
ACC0000189,CUST000094,CHECKING,ACTIVE,229171.99,229171.99,2018-03-28
ACC0000190,CUST000378,SAVINGS,DORMANT,220087.16,202940.32,2025-02-18
ACC0000191,CUST000075,CHECKING,ACTIVE,138468.74,138468.74,2018-05-18
ACC0000192,CUST000328,SAVINGS,ACTIVE,112725.9,112725.9,2024-08-23
ACC0000193,CUST000172,SAVINGS,ACTIVE,94515.01,94515.01,2018-07-02
ACC0000194,CUST000343,CHECKING,ACTIVE,244470.69,244470.69,2021-10-31
ACC0000195,CUST000349,SAVINGS,ACTIVE,238664.57,209118.05,2021-11-26
ACC0000196,CUST000162,CHECKING,FROZEN,80128.31,76361.47,2021-03-04
ACC0000197,CUST000436,SAVINGS,CLOSED,138007.47,138007.47,2020-04-11
ACC0000198,CUST000396,SAVINGS,ACTIVE,235061.92,235061.92,2023-02-21
ACC0000199,CUST000175,CHECKING,ACTIVE,29984.43,28450.05,2025-09-28
ACC0000200,CUST000332,CHECKING,ACTIVE,152132.48,152132.48,2024-08-30
ACC0000201,CUST000418,CHECKING,DORMANT,96783.9,96783.9,2022-05-12
ACC0000202,CUST000018,SAVINGS,ACTIVE,195692.55,195692.55,2023-02-13
ACC0000203,CUST000069,SAVINGS,ACTIVE,66192.07,61210.48,2025-06-18
ACC0000204,CUST000240,SAVINGS,ACTIVE,62742.53,62742.53,2020-05-17
ACC0000205,CUST000076,SAVINGS,ACTIVE,74082.39,74082.39,2019-10-14
ACC0000206,CUST000349,SAVINGS,ACTIVE,234739.22,234739.22,2019-01-20
ACC0000207,CUST000212,SAVINGS,ACTIVE,29730.65,29730.65,2022-01-09
ACC0000208,CUST000414,CHECKING,DORMANT,55802.6,52687.89,2023-05-22
ACC0000209,CUST000075,SAVINGS,ACTIVE,166577.08,153820.85,2016-11-07
ACC0000210,CUST000390,CHECKING,ACTIVE,212499.72,212499.72,2022-07-10
ACC0000211,CUST000283,SAVINGS,ACTIVE,49233.37,49233.37,2016-10-04
ACC0000212,CUST000104,SAVINGS,ACTIVE,6986.43,6986.43,2021-01-26
ACC0000213,CUST000494,SAVINGS,ACTIVE,11887.24,9848.69,2020-07-18
ACC0000214,CUST000099,SAVINGS,ACTIVE,28318.23,27760.92,2025-09-12
ACC0000215,CUST000463,CHECKING,ACTIVE,45394.36,45394.36,2017-04-19
ACC0000216,CUST000297,CHECKING,FROZEN,210208.69,199595.64,2017-08-03
ACC0000217,CUST000016,SAVINGS,FROZEN,130251.24,130251.24,2019-06-28
ACC0000218,CUST000253,SAVINGS,ACTIVE,82801.51,82801.51,2021-08-10
ACC0000219,CUST000303,SAVINGS,FROZEN,186892.0,186892.0,2024-02-03
ACC0000220,CUST000373,SAVINGS,ACTIVE,116066.49,116066.49,2021-07-04
ACC0000221,CUST000475,SAVINGS,ACTIVE,1061.41,1061.41,2026-02-09
ACC0000222,CUST000275,SAVINGS,DORMANT,38865.59,38865.59,2019-01-07
ACC0000223,CUST000141,CHECKING,CLOSED,4042.23,4042.23,2023-03-31
ACC0000224,CUST000427,SAVINGS,ACTIVE,194811.28,194811.28,2016-08-16
ACC0000225,CUST000189,CHECKING,DORMANT,113122.62,113122.62,2025-09-20
ACC0000226,CUST000188,CHECKING,ACTIVE,161679.65,155721.75,2020-10-31
ACC0000227,CUST000296,SAVINGS,ACTIVE,61475.3,61475.3,2017-05-03
ACC0000228,CUST000372,SAVINGS,FROZEN,136118.41,136118.41,2017-10-23
ACC0000229,CUST000394,CHECKING,ACTIVE,100648.12,100648.12,2024-06-17
ACC0000230,CUST000082,SAVINGS,ACTIVE,83094.77,83094.77,2022-02-08
ACC0000231,CUST000355,CHECKING,ACTIVE,158261.44,158261.44,2026-03-13
ACC0000232,CUST000392,CHECKING,ACTIVE,32911.53,32911.53,2022-12-21
ACC0000233,CUST000180,SAVINGS,ACTIVE,11611.32,11611.32,2024-10-19
ACC0000234,CUST000219,CHECKING,ACTIVE,216370.28,216370.28,2025-12-19
ACC0000235,CUST000236,CHECKING,FROZEN,222761.5,215452.14,2019-07-31
ACC0000236,CUST000169,SAVINGS,ACTIVE,65493.9,54371.94,2021-04-19
ACC0000237,CUST000206,SAVINGS,ACTIVE,243732.45,243732.45,2018-07-13
ACC0000238,CUST000278,SAVINGS,ACTIVE,228400.34,228400.34,2022-07-31
ACC0000239,CUST000070,CHECKING,ACTIVE,55043.65,55043.65,2021-01-15
ACC0000240,CUST000222,SAVINGS,ACTIVE,45757.58,45757.58,2024-04-18
ACC0000241,CUST000258,CHECKING,ACTIVE,227528.02,227528.02,2021-02-04
ACC0000242,CUST000139,CHECKING,ACTIVE,10491.35,10491.35,2018-10-14
ACC0000243,CUST000223,SAVINGS,ACTIVE,82419.9,82419.9,2024-03-10
ACC0000244,CUST000346,SAVINGS,ACTIVE,245138.4,245138.4,2017-01-10
ACC0000245,CUST000318,SAVINGS,ACTIVE,241901.44,241901.44,2022-06-16
ACC0000246,CUST000295,SAVINGS,ACTIVE,127055.93,127055.93,2022-10-03
ACC0000247,CUST000120,SAVINGS,ACTIVE,39524.88,39524.88,2022-05-27
ACC0000248,CUST000479,SAVINGS,ACTIVE,41154.82,41154.82,2024-02-25
ACC0000249,CUST000465,SAVINGS,DORMANT,93788.79,90463.58,2018-07-09
ACC0000250,CUST000399,CHECKING,ACTIVE,142828.82,138339.34,2018-11-08
ACC0000251,CUST000413,SAVINGS,ACTIVE,218080.52,218080.52,2025-01-26
ACC0000252,CUST000317,CHECKING,ACTIVE,143545.75,143545.75,2022-07-11
ACC0000253,CUST000140,CHECKING,ACTIVE,157290.49,157290.49,2026-01-10
ACC0000254,CUST000100,SAVINGS,ACTIVE,152417.59,152417.59,2025-08-30
ACC0000255,CUST000082,SAVINGS,ACTIVE,122379.57,122379.57,2018-03-23
ACC0000256,CUST000469,SAVINGS,FROZEN,223554.3,223554.3,2022-11-30
ACC0000257,CUST000477,CHECKING,ACTIVE,14468.29,14468.29,2020-06-15
ACC0000258,CUST000422,CHECKING,ACTIVE,153896.12,151802.66,2025-05-14
ACC0000259,CUST000476,SAVINGS,ACTIVE,77841.95,72379.58,2023-07-25
ACC0000260,CUST000019,SAVINGS,ACTIVE,129787.03,113180.77,2024-09-24
ACC0000261,CUST000122,CHECKING,ACTIVE,110941.37,103175.88,2024-12-09
ACC0000262,CUST000475,CHECKING,ACTIVE,75445.1,75445.1,2023-04-13
ACC0000263,CUST000001,CHECKING,ACTIVE,72885.51,64484.82,2020-02-25
ACC0000264,CUST000051,CHECKING,ACTIVE,172150.49,166715.78,2018-09-17
ACC0000265,CUST000033,SAVINGS,ACTIVE,187696.79,156725.22,2025-07-21
ACC0000266,CUST000168,SAVINGS,ACTIVE,41009.42,41009.42,2021-09-01
ACC0000267,CUST000300,CHECKING,DORMANT,236224.19,236224.19,2018-06-05
ACC0000268,CUST000191,SAVINGS,ACTIVE,126870.75,126870.75,2025-10-21
ACC0000269,CUST000348,SAVINGS,ACTIVE,223567.76,223567.76,2025-07-20
ACC0000270,CUST000099,CHECKING,ACTIVE,6032.77,6032.77,2019-12-12
ACC0000271,CUST000080,SAVINGS,DORMANT,15323.68,15323.68,2019-12-07
ACC0000272,CUST000106,SAVINGS,DORMANT,167038.44,167038.44,2021-02-24
ACC0000273,CUST000479,SAVINGS,ACTIVE,137203.82,137203.82,2021-05-21
ACC0000274,CUST000362,CHECKING,DORMANT,149224.47,149224.47,2024-07-13
ACC0000275,CUST000395,CHECKING,ACTIVE,92364.41,91357.24,2019-04-20
ACC0000276,CUST000469,CHECKING,CLOSED,52105.81,52105.81,2025-11-15
ACC0000277,CUST000121,SAVINGS,ACTIVE,67331.39,64788.03,2021-12-07
ACC0000278,CUST000188,SAVINGS,ACTIVE,107158.92,101700.9,2023-01-17
ACC0000279,CUST000077,CHECKING,DORMANT,85080.51,85080.51,2019-06-10
ACC0000280,CUST000411,CHECKING,ACTIVE,5013.56,4182.07,2017-06-09
ACC0000281,CUST000220,CHECKING,CLOSED,193965.9,193965.9,2021-04-30
ACC0000282,CUST000016,SAVINGS,ACTIVE,152823.17,139756.61,2022-05-23
ACC0000283,CUST000487,SAVINGS,DORMANT,177753.51,168946.91,2023-01-19
ACC0000284,CUST000376,SAVINGS,ACTIVE,63241.14,63241.14,2017-01-10
ACC0000285,CUST000428,SAVINGS,ACTIVE,99163.98,99163.98,2022-10-03
ACC0000286,CUST000404,SAVINGS,ACTIVE,232801.23,213880.13,2024-06-02
ACC0000287,CUST000355,CHECKING,ACTIVE,84019.52,84019.52,2025-05-01
ACC0000288,CUST000189,CHECKING,ACTIVE,130132.66,107367.93,2022-02-23
ACC0000289,CUST000229,SAVINGS,ACTIVE,185176.2,185176.2,2023-11-23
ACC0000290,CUST000195,CHECKING,ACTIVE,212770.26,212770.26,2020-12-29
ACC0000291,CUST000042,CHECKING,ACTIVE,33649.35,33649.35,2019-04-27
ACC0000292,CUST000283,CHECKING,ACTIVE,87966.55,87966.55,2023-08-07
ACC0000293,CUST000264,SAVINGS,ACTIVE,4088.13,3314.29,2021-09-24
ACC0000294,CUST000416,SAVINGS,ACTIVE,66696.74,59688.3,2017-03-20
ACC0000295,CUST000409,SAVINGS,ACTIVE,242498.94,227412.19,2021-08-04
ACC0000296,CUST000131,CHECKING,ACTIVE,28787.57,28787.57,2021-02-27
ACC0000297,CUST000279,SAVINGS,ACTIVE,24219.66,21742.02,2018-06-02
ACC0000298,CUST000435,CHECKING,ACTIVE,91046.1,82036.42,2025-04-23
ACC0000299,CUST000107,SAVINGS,ACTIVE,126288.16,126288.16,2021-11-04
ACC0000300,CUST000137,SAVINGS,ACTIVE,138976.48,138976.48,2018-04-08
ACC0000301,CUST000239,SAVINGS,ACTIVE,216471.81,196566.9,2023-02-04
ACC0000302,CUST000499,CHECKING,ACTIVE,33161.28,33161.28,2023-01-04
ACC0000303,CUST000144,CHECKING,ACTIVE,25292.12,20318.89,2018-06-15
ACC0000304,CUST000332,CHECKING,ACTIVE,148197.34,148197.34,2018-02-26
ACC0000305,CUST000187,SAVINGS,ACTIVE,192465.87,192465.87,2023-10-01
ACC0000306,CUST000130,SAVINGS,ACTIVE,163224.22,163224.22,2017-09-02
ACC0000307,CUST000085,CHECKING,ACTIVE,165446.06,165446.06,2018-05-25
ACC0000308,CUST000312,SAVINGS,ACTIVE,217027.16,196107.5,2021-10-05
ACC0000309,CUST000200,SAVINGS,ACTIVE,1898.98,1898.98,2024-05-13
ACC0000310,CUST000231,CHECKING,ACTIVE,216854.62,198257.54,2020-10-24
ACC0000311,CUST000049,SAVINGS,ACTIVE,44780.32,44759.93,2023-10-13
ACC0000312,CUST000086,SAVINGS,ACTIVE,170113.04,170113.04,2017-09-20
ACC0000313,CUST000490,CHECKING,ACTIVE,111191.88,111191.88,2020-10-03
ACC0000314,CUST000205,CHECKING,ACTIVE,161202.54,161202.54,2022-11-22
ACC0000315,CUST000098,CHECKING,ACTIVE,218118.5,218118.5,2025-08-14
ACC0000316,CUST000322,CHECKING,ACTIVE,63386.13,63386.13,2016-12-05
ACC0000317,CUST000133,SAVINGS,ACTIVE,143668.69,143668.69,2026-04-26
ACC0000318,CUST000463,CHECKING,ACTIVE,60442.99,60442.99,2021-06-11
ACC0000319,CUST000071,SAVINGS,ACTIVE,214439.14,214439.14,2020-10-20
ACC0000320,CUST000348,SAVINGS,ACTIVE,110438.16,89392.4,2020-03-09
ACC0000321,CUST000166,CHECKING,ACTIVE,188914.65,188914.65,2019-05-07
ACC0000322,CUST000128,CHECKING,FROZEN,68882.86,68882.86,2019-08-08
ACC0000323,CUST000417,CHECKING,ACTIVE,178167.16,178167.16,2022-11-29
ACC0000324,CUST000032,SAVINGS,ACTIVE,229427.84,229427.84,2024-08-09
ACC0000325,CUST000212,SAVINGS,ACTIVE,108648.61,108648.61,2020-03-31
ACC0000326,CUST000269,CHECKING,ACTIVE,156947.78,156947.78,2017-01-04
ACC0000327,CUST000343,CHECKING,ACTIVE,245951.88,245951.88,2023-12-25
ACC0000328,CUST000080,CHECKING,ACTIVE,9559.44,7987.42,2025-06-12
ACC0000329,CUST000209,SAVINGS,ACTIVE,120935.29,120935.29,2020-03-08
ACC0000330,CUST000484,SAVINGS,FROZEN,103831.57,103831.57,2025-11-12
ACC0000331,CUST000091,CHECKING,ACTIVE,13987.81,12621.97,2021-11-07
ACC0000332,CUST000388,SAVINGS,ACTIVE,110324.77,96482.77,2019-11-04
ACC0000333,CUST000278,SAVINGS,ACTIVE,90726.87,90726.87,2023-09-07
ACC0000334,CUST000160,CHECKING,ACTIVE,115780.86,115780.86,2017-07-25
ACC0000335,CUST000441,SAVINGS,DORMANT,62195.82,62195.82,2021-03-29
ACC0000336,CUST000146,CHECKING,ACTIVE,246413.26,203321.55,2022-02-08
ACC0000337,CUST000074,CHECKING,FROZEN,66901.48,66901.48,2020-08-15
ACC0000338,CUST000206,CHECKING,CLOSED,136803.68,136803.68,2025-12-26
ACC0000339,CUST000299,CHECKING,ACTIVE,159343.4,159343.4,2023-11-11
ACC0000340,CUST000110,CHECKING,ACTIVE,166306.79,152859.57,2017-07-25
ACC0000341,CUST000049,SAVINGS,ACTIVE,46118.08,42786.73,2019-06-16
ACC0000342,CUST000184,SAVINGS,ACTIVE,171005.97,151154.88,2022-03-29
ACC0000343,CUST000098,CHECKING,ACTIVE,204750.97,204750.97,2017-09-08
ACC0000344,CUST000414,SAVINGS,FROZEN,18184.26,16401.23,2022-06-15
ACC0000345,CUST000275,CHECKING,ACTIVE,102408.75,102408.75,2021-01-18
ACC0000346,CUST000261,SAVINGS,ACTIVE,49919.28,49919.28,2023-07-15
ACC0000347,CUST000146,CHECKING,ACTIVE,38910.44,38910.44,2021-06-19
ACC0000348,CUST000240,SAVINGS,ACTIVE,66889.64,66889.64,2017-08-22
ACC0000349,CUST000067,CHECKING,ACTIVE,38124.97,38124.97,2017-08-19
ACC0000350,CUST000376,CHECKING,ACTIVE,128198.09,128198.09,2022-06-22
ACC0000351,CUST000496,CHECKING,ACTIVE,191774.06,191774.06,2019-07-17
ACC0000352,CUST000116,CHECKING,ACTIVE,223791.93,223791.93,2023-12-14
ACC0000353,CUST000085,CHECKING,ACTIVE,249882.78,249882.78,2024-09-25
ACC0000354,CUST000107,SAVINGS,ACTIVE,222885.79,222885.79,2019-07-10
ACC0000355,CUST000130,CHECKING,ACTIVE,237961.31,219669.2,2018-04-04
ACC0000356,CUST000302,SAVINGS,ACTIVE,24481.06,20993.41,2020-04-11
ACC0000357,CUST000496,CHECKING,ACTIVE,15391.02,15391.02,2025-12-10
ACC0000358,CUST000476,CHECKING,ACTIVE,239999.2,201557.56,2018-07-29
ACC0000359,CUST000324,CHECKING,ACTIVE,52355.55,52355.55,2025-12-13
ACC0000360,CUST000332,CHECKING,ACTIVE,223025.02,223025.02,2023-05-07
ACC0000361,CUST000253,CHECKING,ACTIVE,13528.09,13528.09,2020-09-28
ACC0000362,CUST000137,CHECKING,ACTIVE,126351.73,126351.73,2022-05-02
ACC0000363,CUST000244,CHECKING,ACTIVE,137086.75,137086.75,2018-04-02
ACC0000364,CUST000229,CHECKING,ACTIVE,102542.02,102542.02,2017-05-04
ACC0000365,CUST000332,SAVINGS,ACTIVE,237053.76,237053.76,2019-12-23
ACC0000366,CUST000037,CHECKING,ACTIVE,120151.5,120151.5,2020-04-09
ACC0000367,CUST000440,CHECKING,ACTIVE,137916.01,137916.01,2017-01-29
ACC0000368,CUST000487,CHECKING,ACTIVE,104361.2,104361.2,2017-06-01
ACC0000369,CUST000027,SAVINGS,ACTIVE,54715.63,54715.63,2017-10-10
ACC0000370,CUST000342,SAVINGS,ACTIVE,196333.71,196333.71,2025-05-14
ACC0000371,CUST000070,SAVINGS,FROZEN,171065.15,150722.18,2019-11-18
ACC0000372,CUST000135,CHECKING,FROZEN,150614.53,122112.34,2020-12-16
ACC0000373,CUST000121,SAVINGS,ACTIVE,128068.1,128068.1,2024-03-20
ACC0000374,CUST000101,SAVINGS,DORMANT,192577.59,192577.59,2026-02-18
ACC0000375,CUST000061,SAVINGS,ACTIVE,83940.79,83940.79,2016-09-20
ACC0000376,CUST000111,SAVINGS,ACTIVE,207743.41,207743.41,2017-11-10
ACC0000377,CUST000173,CHECKING,ACTIVE,149376.31,149376.31,2017-09-16
ACC0000378,CUST000252,SAVINGS,ACTIVE,143705.79,143705.79,2019-03-25
ACC0000379,CUST000150,CHECKING,ACTIVE,229209.73,229209.73,2021-09-04
ACC0000380,CUST000012,CHECKING,ACTIVE,65020.99,62399.65,2025-03-27
ACC0000381,CUST000055,CHECKING,ACTIVE,13675.7,13373.96,2024-07-06
ACC0000382,CUST000175,CHECKING,ACTIVE,170702.88,170702.88,2017-04-18
ACC0000383,CUST000319,SAVINGS,ACTIVE,230609.27,230609.27,2017-05-29
ACC0000384,CUST000290,CHECKING,ACTIVE,47468.99,47468.99,2021-03-03
ACC0000385,CUST000176,CHECKING,ACTIVE,92366.67,92366.67,2019-07-21
ACC0000386,CUST000159,SAVINGS,FROZEN,46459.78,46459.78,2021-09-14
ACC0000387,CUST000494,CHECKING,ACTIVE,126802.1,126802.1,2020-04-23
ACC0000388,CUST000357,SAVINGS,FROZEN,2748.43,2494.33,2019-02-15
ACC0000389,CUST000407,CHECKING,ACTIVE,28358.49,25566.64,2024-01-28
ACC0000390,CUST000437,SAVINGS,CLOSED,236452.56,236452.56,2023-05-13
ACC0000391,CUST000372,SAVINGS,ACTIVE,216961.96,216961.96,2025-05-26
ACC0000392,CUST000163,CHECKING,DORMANT,165144.75,165144.75,2023-08-14
ACC0000393,CUST000371,SAVINGS,ACTIVE,59117.56,59117.56,2021-10-16
ACC0000394,CUST000288,SAVINGS,ACTIVE,213380.35,213380.35,2020-01-28
ACC0000395,CUST000426,CHECKING,ACTIVE,177080.25,149436.4,2021-06-15
ACC0000396,CUST000042,SAVINGS,DORMANT,190868.47,171212.55,2024-11-25
ACC0000397,CUST000131,CHECKING,DORMANT,74152.85,64466.64,2021-02-02
ACC0000398,CUST000404,SAVINGS,ACTIVE,143203.9,143203.9,2017-05-18
ACC0000399,CUST000057,SAVINGS,CLOSED,146398.79,146398.79,2021-09-26
ACC0000400,CUST000458,SAVINGS,CLOSED,144358.75,144358.75,2024-01-27
ACC0000401,CUST000496,CHECKING,ACTIVE,145005.77,123583.37,2018-01-18
ACC0000402,CUST000378,SAVINGS,ACTIVE,103652.26,103652.26,2022-01-04
ACC0000403,CUST000295,SAVINGS,ACTIVE,3624.02,3624.02,2018-12-24
ACC0000404,CUST000084,SAVINGS,ACTIVE,114606.92,114606.92,2021-01-20
ACC0000405,CUST000144,CHECKING,ACTIVE,212035.8,212035.8,2021-10-11
ACC0000406,CUST000354,CHECKING,ACTIVE,228262.82,228262.82,2017-11-21
ACC0000407,CUST000274,SAVINGS,ACTIVE,75391.5,75391.5,2026-05-24
ACC0000408,CUST000068,SAVINGS,ACTIVE,239554.67,214590.08,2024-07-30
ACC0000409,CUST000432,SAVINGS,ACTIVE,66981.74,58611.95,2019-07-28
ACC0000410,CUST000366,SAVINGS,CLOSED,2327.92,2327.92,2019-04-03
ACC0000411,CUST000140,CHECKING,ACTIVE,191257.28,191257.28,2018-03-21
ACC0000412,CUST000313,SAVINGS,FROZEN,126631.44,112692.12,2023-12-11
ACC0000413,CUST000330,CHECKING,ACTIVE,30568.58,30568.58,2020-08-14
ACC0000414,CUST000296,SAVINGS,ACTIVE,240926.91,240926.91,2018-02-04
ACC0000415,CUST000467,SAVINGS,ACTIVE,30131.08,30131.08,2023-06-13
ACC0000416,CUST000128,CHECKING,ACTIVE,6544.38,6544.38,2018-07-05
ACC0000417,CUST000055,SAVINGS,ACTIVE,243380.01,243380.01,2022-01-15
ACC0000418,CUST000446,SAVINGS,ACTIVE,166756.8,134743.19,2025-09-21
ACC0000419,CUST000191,CHECKING,ACTIVE,101226.44,101226.44,2022-07-27
ACC0000420,CUST000378,CHECKING,ACTIVE,176690.55,176690.55,2025-09-18
ACC0000421,CUST000048,SAVINGS,ACTIVE,146348.43,146348.43,2021-03-25
ACC0000422,CUST000070,SAVINGS,ACTIVE,59159.07,59159.07,2020-04-27
ACC0000423,CUST000497,SAVINGS,ACTIVE,138598.38,138598.38,2021-09-15
ACC0000424,CUST000315,CHECKING,DORMANT,13692.35,11716.54,2019-09-01
ACC0000425,CUST000233,CHECKING,ACTIVE,42324.96,42324.96,2019-12-15
ACC0000426,CUST000458,SAVINGS,ACTIVE,103978.1,103978.1,2019-09-17
ACC0000427,CUST000091,CHECKING,ACTIVE,147775.08,147775.08,2023-06-16
ACC0000428,CUST000326,SAVINGS,ACTIVE,189411.61,189411.61,2024-03-16
ACC0000429,CUST000127,SAVINGS,FROZEN,212397.37,190418.79,2020-01-15
ACC0000430,CUST000346,CHECKING,ACTIVE,152667.62,152667.62,2021-07-18
ACC0000431,CUST000471,SAVINGS,DORMANT,65663.9,65663.9,2018-09-13
ACC0000432,CUST000447,SAVINGS,ACTIVE,96913.84,79385.66,2020-02-19
ACC0000433,CUST000286,SAVINGS,ACTIVE,221864.87,221864.87,2026-03-25
ACC0000434,CUST000119,SAVINGS,ACTIVE,112708.24,112708.24,2021-10-31
ACC0000435,CUST000351,CHECKING,FROZEN,98836.76,98031.45,2023-01-25
ACC0000436,CUST000455,CHECKING,ACTIVE,167696.91,167696.91,2020-11-25
ACC0000437,CUST000113,SAVINGS,DORMANT,49947.48,40329.94,2017-10-30
ACC0000438,CUST000142,CHECKING,ACTIVE,89422.29,89422.29,2026-04-22
ACC0000439,CUST000380,CHECKING,ACTIVE,145082.11,120279.97,2025-04-30
ACC0000440,CUST000474,CHECKING,ACTIVE,238790.13,238790.13,2017-02-22
ACC0000441,CUST000328,SAVINGS,ACTIVE,75706.62,75706.62,2025-05-21
ACC0000442,CUST000183,SAVINGS,ACTIVE,64101.43,64101.43,2025-12-18
ACC0000443,CUST000029,SAVINGS,FROZEN,19382.74,19382.74,2017-08-14
ACC0000444,CUST000152,CHECKING,ACTIVE,111263.14,111263.14,2024-02-02
ACC0000445,CUST000346,CHECKING,ACTIVE,32099.22,32099.22,2025-09-18
ACC0000446,CUST000418,CHECKING,ACTIVE,229415.09,229415.09,2019-10-09
ACC0000447,CUST000494,CHECKING,FROZEN,137141.31,109812.59,2021-10-04
ACC0000448,CUST000286,SAVINGS,CLOSED,159970.67,159970.67,2019-06-02
ACC0000449,CUST000417,CHECKING,ACTIVE,156153.93,156153.93,2024-07-07
ACC0000450,CUST000456,CHECKING,CLOSED,55201.33,47060.43,2024-02-04
ACC0000451,CUST000055,SAVINGS,ACTIVE,115214.14,115214.14,2023-06-06
ACC0000452,CUST000120,CHECKING,ACTIVE,234422.65,234422.65,2020-09-10
ACC0000453,CUST000187,CHECKING,ACTIVE,40741.34,40741.34,2023-05-02
ACC0000454,CUST000450,CHECKING,ACTIVE,190804.46,190804.46,2026-01-01
ACC0000455,CUST000162,CHECKING,ACTIVE,109809.17,109809.17,2020-03-20
ACC0000456,CUST000317,SAVINGS,ACTIVE,92329.33,92329.33,2022-11-23
ACC0000457,CUST000126,CHECKING,ACTIVE,21759.1,21759.1,2025-08-26
ACC0000458,CUST000122,SAVINGS,ACTIVE,110226.51,110226.51,2022-04-10
ACC0000459,CUST000276,SAVINGS,ACTIVE,159199.59,159199.59,2022-08-08
ACC0000460,CUST000024,SAVINGS,ACTIVE,66469.58,66469.58,2024-10-29
ACC0000461,CUST000045,CHECKING,ACTIVE,99902.22,99902.22,2019-01-26
ACC0000462,CUST000294,SAVINGS,ACTIVE,68535.44,68535.44,2023-02-23
ACC0000463,CUST000007,SAVINGS,FROZEN,141433.93,141433.93,2019-10-19
ACC0000464,CUST000160,SAVINGS,ACTIVE,39664.58,39664.58,2021-03-03
ACC0000465,CUST000210,CHECKING,ACTIVE,172883.44,172883.44,2019-02-06
ACC0000466,CUST000356,CHECKING,ACTIVE,222703.34,222703.34,2026-02-07
ACC0000467,CUST000068,CHECKING,ACTIVE,94310.34,77184.53,2021-06-26
ACC0000468,CUST000315,SAVINGS,ACTIVE,34467.53,34467.53,2019-02-03
ACC0000469,CUST000354,CHECKING,ACTIVE,16168.75,16168.75,2019-07-04
ACC0000470,CUST000352,SAVINGS,DORMANT,83254.19,82852.94,2022-12-29
ACC0000471,CUST000160,CHECKING,FROZEN,199977.03,199977.03,2020-09-12
ACC0000472,CUST000491,CHECKING,DORMANT,29417.74,29417.74,2022-11-01
ACC0000473,CUST000382,CHECKING,ACTIVE,4199.43,4199.43,2020-03-05
ACC0000474,CUST000251,SAVINGS,FROZEN,200017.42,200017.42,2017-06-20
ACC0000475,CUST000431,SAVINGS,ACTIVE,161136.54,154651.16,2017-01-12
ACC0000476,CUST000325,SAVINGS,ACTIVE,91689.34,91689.34,2019-04-11
ACC0000477,CUST000169,CHECKING,ACTIVE,207019.57,207019.57,2019-06-15
ACC0000478,CUST000004,CHECKING,ACTIVE,168603.37,149818.58,2020-09-26
ACC0000479,CUST000487,SAVINGS,ACTIVE,233104.33,233104.33,2022-03-15
ACC0000480,CUST000187,SAVINGS,ACTIVE,69773.25,69773.25,2025-09-21
ACC0000481,CUST000457,SAVINGS,ACTIVE,184605.89,184605.89,2022-12-28
ACC0000482,CUST000444,CHECKING,ACTIVE,186092.35,186092.35,2023-10-22
ACC0000483,CUST000117,SAVINGS,ACTIVE,133996.98,133996.98,2021-08-23
ACC0000484,CUST000005,CHECKING,ACTIVE,194160.3,191751.49,2016-10-05
ACC0000485,CUST000278,CHECKING,ACTIVE,224640.97,224640.97,2020-01-04
ACC0000486,CUST000050,CHECKING,ACTIVE,217309.68,201590.77,2022-09-28
ACC0000487,CUST000143,CHECKING,ACTIVE,213149.72,213149.72,2017-05-19
ACC0000488,CUST000317,SAVINGS,ACTIVE,57412.12,57412.12,2020-09-08
ACC0000489,CUST000417,SAVINGS,ACTIVE,208682.55,208682.55,2017-04-23
ACC0000490,CUST000138,CHECKING,ACTIVE,52132.29,52132.29,2019-11-21
ACC0000491,CUST000194,CHECKING,ACTIVE,60687.07,60687.07,2020-06-28
ACC0000492,CUST000499,CHECKING,ACTIVE,76552.63,75691.34,2024-12-24
ACC0000493,CUST000035,SAVINGS,DORMANT,44462.29,44462.29,2021-03-21
ACC0000494,CUST000104,SAVINGS,ACTIVE,93279.6,93279.6,2021-03-15
ACC0000495,CUST000244,CHECKING,CLOSED,206729.83,206729.83,2024-05-07
ACC0000496,CUST000415,SAVINGS,CLOSED,166803.77,166740.41,2018-08-25
ACC0000497,CUST000430,SAVINGS,ACTIVE,171483.4,138545.07,2019-06-09
ACC0000498,CUST000266,SAVINGS,ACTIVE,32808.57,32808.57,2017-05-29
ACC0000499,CUST000454,SAVINGS,ACTIVE,31337.84,31337.84,2020-09-13
ACC0000500,CUST000460,SAVINGS,ACTIVE,97206.76,83684.63,2016-08-29
ACC0000501,CUST000328,CHECKING,ACTIVE,84429.49,84429.49,2023-08-16
ACC0000502,CUST000263,SAVINGS,ACTIVE,127347.16,127347.16,2017-01-04
ACC0000503,CUST000001,CHECKING,ACTIVE,48041.54,43762.22,2025-07-24
ACC0000504,CUST000478,SAVINGS,ACTIVE,191889.93,166162.46,2016-09-27
ACC0000505,CUST000012,SAVINGS,ACTIVE,217962.47,217962.47,2020-07-02
ACC0000506,CUST000487,CHECKING,CLOSED,18703.54,18703.54,2019-04-02
ACC0000507,CUST000003,SAVINGS,ACTIVE,46965.5,46965.5,2022-10-01
ACC0000508,CUST000365,CHECKING,ACTIVE,29359.05,29359.05,2023-12-24
ACC0000509,CUST000463,SAVINGS,ACTIVE,146712.84,124566.24,2020-03-16
ACC0000510,CUST000486,SAVINGS,ACTIVE,83542.91,83542.91,2021-10-01
ACC0000511,CUST000456,SAVINGS,ACTIVE,212705.26,212705.26,2025-09-14
ACC0000512,CUST000359,SAVINGS,CLOSED,232896.27,232896.27,2021-11-07
ACC0000513,CUST000456,SAVINGS,DORMANT,218483.61,204413.82,2020-02-18
ACC0000514,CUST000281,CHECKING,ACTIVE,136537.17,136537.17,2024-11-25
ACC0000515,CUST000455,SAVINGS,ACTIVE,74613.69,72878.39,2025-03-04
ACC0000516,CUST000142,SAVINGS,ACTIVE,210508.34,210508.34,2022-02-01
ACC0000517,CUST000249,CHECKING,ACTIVE,202681.42,202681.42,2020-07-23
ACC0000518,CUST000328,SAVINGS,ACTIVE,203904.58,203904.58,2020-09-18
ACC0000519,CUST000499,SAVINGS,ACTIVE,11598.58,11598.58,2025-02-18
ACC0000520,CUST000165,SAVINGS,ACTIVE,107429.72,107429.72,2025-07-14
ACC0000521,CUST000258,CHECKING,ACTIVE,227825.85,227825.85,2018-06-21
ACC0000522,CUST000172,SAVINGS,ACTIVE,114058.61,114058.61,2017-04-06
ACC0000523,CUST000051,CHECKING,ACTIVE,179653.12,179653.12,2017-03-08
ACC0000524,CUST000246,CHECKING,DORMANT,86306.75,86306.75,2024-06-06
ACC0000525,CUST000498,CHECKING,ACTIVE,70662.67,70662.67,2025-03-21
ACC0000526,CUST000103,CHECKING,CLOSED,236374.39,236374.39,2018-03-04
ACC0000527,CUST000489,CHECKING,ACTIVE,240835.75,215263.88,2019-11-14
ACC0000528,CUST000243,SAVINGS,ACTIVE,184484.15,184484.15,2020-02-20
ACC0000529,CUST000430,CHECKING,ACTIVE,132356.92,132356.92,2022-02-13
ACC0000530,CUST000428,CHECKING,ACTIVE,129624.76,129624.76,2016-11-21
ACC0000531,CUST000256,CHECKING,FROZEN,74711.25,74711.25,2022-10-01
ACC0000532,CUST000027,SAVINGS,ACTIVE,113051.12,113051.12,2025-11-19
ACC0000533,CUST000360,CHECKING,ACTIVE,2626.62,2626.62,2023-08-02
ACC0000534,CUST000435,SAVINGS,ACTIVE,27361.39,27361.39,2025-11-02
ACC0000535,CUST000042,CHECKING,ACTIVE,236900.69,236900.69,2017-02-21
ACC0000536,CUST000438,SAVINGS,ACTIVE,188438.83,164545.2,2022-01-14
ACC0000537,CUST000257,SAVINGS,ACTIVE,144144.32,134957.79,2023-07-22
ACC0000538,CUST000345,SAVINGS,FROZEN,214276.81,183824.05,2021-11-22
ACC0000539,CUST000023,SAVINGS,ACTIVE,104422.81,104422.81,2021-04-08
ACC0000540,CUST000182,SAVINGS,ACTIVE,192742.27,175018.33,2024-08-15
ACC0000541,CUST000440,CHECKING,ACTIVE,172016.36,172016.36,2025-11-22
ACC0000542,CUST000183,SAVINGS,DORMANT,76834.27,76834.27,2022-04-17
ACC0000543,CUST000156,CHECKING,ACTIVE,180800.4,180800.4,2024-09-02
ACC0000544,CUST000207,CHECKING,ACTIVE,167739.95,167739.95,2024-12-25
ACC0000545,CUST000439,SAVINGS,ACTIVE,51697.38,42265.01,2018-05-18
ACC0000546,CUST000187,SAVINGS,ACTIVE,95977.19,83194.99,2023-12-05
ACC0000547,CUST000043,CHECKING,ACTIVE,217110.95,217110.95,2018-09-29
ACC0000548,CUST000500,CHECKING,ACTIVE,107951.53,107951.53,2018-07-01
ACC0000549,CUST000144,SAVINGS,DORMANT,212968.04,212968.04,2023-12-01
ACC0000550,CUST000232,CHECKING,DORMANT,231723.04,231723.04,2017-03-21
ACC0000551,CUST000220,CHECKING,ACTIVE,137117.8,137117.8,2020-04-27
ACC0000552,CUST000075,SAVINGS,ACTIVE,132968.72,132968.72,2016-12-20
ACC0000553,CUST000275,CHECKING,ACTIVE,131789.89,131789.89,2018-05-20
ACC0000554,CUST000209,CHECKING,ACTIVE,234270.33,234270.33,2024-09-22
ACC0000555,CUST000419,SAVINGS,ACTIVE,9469.44,9469.44,2020-03-05
ACC0000556,CUST000388,SAVINGS,CLOSED,121355.54,121355.54,2022-01-06
ACC0000557,CUST000064,CHECKING,ACTIVE,162779.8,150801.68,2023-06-02
ACC0000558,CUST000263,CHECKING,ACTIVE,70110.32,70110.32,2018-06-02
ACC0000559,CUST000257,SAVINGS,ACTIVE,44884.3,44884.3,2017-10-25
ACC0000560,CUST000072,CHECKING,ACTIVE,192396.41,192396.41,2019-03-06
ACC0000561,CUST000370,SAVINGS,ACTIVE,137595.51,137595.51,2021-02-14
ACC0000562,CUST000342,CHECKING,ACTIVE,184180.48,184180.48,2022-01-23
ACC0000563,CUST000073,SAVINGS,ACTIVE,234475.98,234475.98,2020-03-11
ACC0000564,CUST000332,CHECKING,ACTIVE,67403.48,67403.48,2025-07-28
ACC0000565,CUST000394,SAVINGS,ACTIVE,73803.74,73803.74,2022-09-20
ACC0000566,CUST000188,SAVINGS,ACTIVE,163902.85,163902.85,2016-11-21
ACC0000567,CUST000039,SAVINGS,ACTIVE,209161.89,209161.89,2017-04-16
ACC0000568,CUST000260,CHECKING,ACTIVE,230630.86,230630.86,2024-06-17
ACC0000569,CUST000278,SAVINGS,ACTIVE,62054.11,60053.01,2020-05-03
ACC0000570,CUST000337,CHECKING,ACTIVE,138525.07,138525.07,2020-07-04
ACC0000571,CUST000302,SAVINGS,ACTIVE,113011.74,113011.74,2021-12-29
ACC0000572,CUST000188,SAVINGS,ACTIVE,147861.15,119839.58,2019-08-25
ACC0000573,CUST000314,CHECKING,ACTIVE,90126.94,79217.13,2021-03-26
ACC0000574,CUST000363,CHECKING,ACTIVE,192763.44,192763.44,2021-07-25
ACC0000575,CUST000012,CHECKING,DORMANT,164606.93,154155.06,2020-07-27
ACC0000576,CUST000026,CHECKING,ACTIVE,186350.16,186350.16,2020-08-18
ACC0000577,CUST000117,CHECKING,ACTIVE,238683.17,233362.66,2025-08-27
ACC0000578,CUST000196,SAVINGS,ACTIVE,81108.58,81108.58,2025-04-16
ACC0000579,CUST000227,SAVINGS,CLOSED,237515.77,237515.77,2021-07-04
ACC0000580,CUST000466,CHECKING,ACTIVE,247051.77,247051.77,2026-03-28
ACC0000581,CUST000308,SAVINGS,FROZEN,119214.82,119214.82,2024-04-17
ACC0000582,CUST000426,SAVINGS,ACTIVE,60517.49,60517.49,2018-09-14
ACC0000583,CUST000320,CHECKING,ACTIVE,177951.6,162367.77,2025-05-28
ACC0000584,CUST000236,SAVINGS,DORMANT,19811.2,18274.45,2019-06-30
ACC0000585,CUST000015,SAVINGS,DORMANT,224954.18,201389.62,2022-11-06
ACC0000586,CUST000249,CHECKING,ACTIVE,171034.17,171034.17,2021-11-03
ACC0000587,CUST000096,CHECKING,DORMANT,210680.8,210680.8,2018-07-30
ACC0000588,CUST000395,SAVINGS,ACTIVE,175556.38,175556.38,2018-08-23
ACC0000589,CUST000259,SAVINGS,ACTIVE,133973.7,133973.7,2017-11-16
ACC0000590,CUST000362,CHECKING,ACTIVE,219171.85,219171.85,2022-10-24
ACC0000591,CUST000051,SAVINGS,ACTIVE,169989.57,169989.57,2020-06-06
ACC0000592,CUST000339,CHECKING,ACTIVE,149121.14,149121.14,2020-11-29
ACC0000593,CUST000375,CHECKING,ACTIVE,219094.01,219094.01,2018-12-28
ACC0000594,CUST000044,CHECKING,ACTIVE,80713.74,80713.74,2023-08-06
ACC0000595,CUST000194,CHECKING,ACTIVE,54611.77,54611.77,2021-11-28
ACC0000596,CUST000391,CHECKING,CLOSED,10924.38,10924.38,2024-09-20
ACC0000597,CUST000073,SAVINGS,ACTIVE,89456.32,85075.23,2023-04-05
ACC0000598,CUST000284,SAVINGS,ACTIVE,37887.53,37887.53,2026-02-13
ACC0000599,CUST000262,CHECKING,ACTIVE,236530.92,222040.62,2021-11-30
ACC0000600,CUST000197,CHECKING,ACTIVE,233710.32,233710.32,2025-12-23
ACC0000601,CUST000438,SAVINGS,ACTIVE,20000.89,20000.89,2021-12-27
ACC0000602,CUST000432,CHECKING,ACTIVE,211077.06,211077.06,2018-10-21
ACC0000603,CUST000458,SAVINGS,ACTIVE,144193.7,144193.7,2021-03-12
ACC0000604,CUST000130,SAVINGS,ACTIVE,85136.14,85136.14,2019-11-24
ACC0000605,CUST000197,SAVINGS,ACTIVE,113985.98,113985.98,2024-07-18
ACC0000606,CUST000299,CHECKING,ACTIVE,192994.99,192994.99,2024-05-13
ACC0000607,CUST000267,SAVINGS,ACTIVE,142463.41,142463.41,2020-09-09
ACC0000608,CUST000396,SAVINGS,CLOSED,100626.34,81851.93,2025-10-14
ACC0000609,CUST000393,CHECKING,CLOSED,218393.98,218393.98,2017-03-01
ACC0000610,CUST000452,SAVINGS,ACTIVE,212527.75,203846.23,2022-12-31
ACC0000611,CUST000149,CHECKING,ACTIVE,128309.31,128309.31,2024-04-24
ACC0000612,CUST000031,SAVINGS,ACTIVE,126830.99,126830.99,2021-03-25
ACC0000613,CUST000201,CHECKING,ACTIVE,135572.84,128923.72,2019-02-04
ACC0000614,CUST000403,SAVINGS,ACTIVE,146046.01,146046.01,2020-12-31
ACC0000615,CUST000276,SAVINGS,ACTIVE,105479.02,105479.02,2020-11-14
ACC0000616,CUST000199,SAVINGS,ACTIVE,40276.65,40276.65,2023-02-23
ACC0000617,CUST000440,SAVINGS,ACTIVE,13580.01,11179.62,2022-07-06
ACC0000618,CUST000253,SAVINGS,ACTIVE,17595.61,17595.61,2021-05-24
ACC0000619,CUST000286,CHECKING,ACTIVE,8030.22,8030.22,2018-07-09
ACC0000620,CUST000481,CHECKING,ACTIVE,57980.44,57980.44,2019-09-13
ACC0000621,CUST000461,SAVINGS,ACTIVE,199288.67,189519.97,2025-02-01
ACC0000622,CUST000436,SAVINGS,ACTIVE,28082.88,28082.88,2022-03-15
ACC0000623,CUST000018,SAVINGS,ACTIVE,93511.09,93511.09,2022-12-31
ACC0000624,CUST000150,SAVINGS,ACTIVE,15317.27,15317.27,2024-12-27
ACC0000625,CUST000230,SAVINGS,ACTIVE,114282.05,114282.05,2021-03-25
ACC0000626,CUST000293,SAVINGS,DORMANT,75033.06,75033.06,2024-10-19
ACC0000627,CUST000202,SAVINGS,ACTIVE,214838.7,214838.7,2020-05-20
ACC0000628,CUST000023,CHECKING,ACTIVE,91626.81,91626.81,2023-06-25
ACC0000629,CUST000067,CHECKING,ACTIVE,144061.7,123137.75,2025-08-17
ACC0000630,CUST000058,CHECKING,ACTIVE,163924.6,163924.6,2020-03-27
ACC0000631,CUST000490,CHECKING,ACTIVE,228651.31,214376.61,2022-08-17
ACC0000632,CUST000225,SAVINGS,ACTIVE,240891.83,240891.83,2018-03-08
ACC0000633,CUST000161,SAVINGS,ACTIVE,137641.27,137641.27,2022-07-09
ACC0000634,CUST000242,SAVINGS,ACTIVE,8847.14,8847.14,2017-06-27
ACC0000635,CUST000364,SAVINGS,ACTIVE,107143.99,107143.99,2018-07-08
ACC0000636,CUST000442,CHECKING,ACTIVE,217537.33,217537.33,2022-12-08
ACC0000637,CUST000366,CHECKING,FROZEN,66116.74,62710.12,2020-08-22
ACC0000638,CUST000198,SAVINGS,ACTIVE,241030.77,241030.77,2025-10-18
ACC0000639,CUST000134,CHECKING,DORMANT,205189.41,192746.82,2025-06-28
ACC0000640,CUST000052,SAVINGS,ACTIVE,44376.75,44376.75,2026-04-14
ACC0000641,CUST000132,SAVINGS,ACTIVE,34772.61,34772.61,2023-04-12
ACC0000642,CUST000319,SAVINGS,ACTIVE,77998.73,64473.17,2017-08-31
ACC0000643,CUST000137,CHECKING,ACTIVE,1868.03,1868.03,2021-03-04
ACC0000644,CUST000079,SAVINGS,ACTIVE,133288.84,121196.32,2020-04-02
ACC0000645,CUST000052,CHECKING,ACTIVE,14064.97,11988.71,2023-12-10
ACC0000646,CUST000087,SAVINGS,ACTIVE,91799.57,91799.57,2018-03-11
ACC0000647,CUST000461,CHECKING,CLOSED,177339.15,177339.15,2020-06-11
ACC0000648,CUST000212,CHECKING,DORMANT,69490.67,69490.67,2021-10-18
ACC0000649,CUST000170,CHECKING,ACTIVE,66985.6,66985.6,2017-03-12
ACC0000650,CUST000259,SAVINGS,FROZEN,1055.77,1053.03,2021-01-21
ACC0000651,CUST000099,SAVINGS,DORMANT,227077.99,227077.99,2024-06-02
ACC0000652,CUST000415,SAVINGS,ACTIVE,243012.23,243012.23,2022-05-10
ACC0000653,CUST000414,CHECKING,ACTIVE,224874.5,219567.71,2023-07-31
ACC0000654,CUST000270,SAVINGS,ACTIVE,159141.78,143058.06,2017-09-28
ACC0000655,CUST000405,CHECKING,DORMANT,213569.64,184721.7,2018-06-28
ACC0000656,CUST000281,SAVINGS,ACTIVE,54149.84,54149.84,2026-04-30
ACC0000657,CUST000330,SAVINGS,ACTIVE,32687.84,32687.84,2019-04-23
ACC0000658,CUST000411,SAVINGS,ACTIVE,219306.12,219306.12,2023-04-14
ACC0000659,CUST000419,SAVINGS,ACTIVE,136643.43,136643.43,2021-12-19
ACC0000660,CUST000333,CHECKING,ACTIVE,196654.11,160093.76,2020-10-19
ACC0000661,CUST000149,CHECKING,ACTIVE,174019.75,168129.51,2021-08-20
ACC0000662,CUST000211,SAVINGS,ACTIVE,242928.24,242928.24,2023-11-16
ACC0000663,CUST000278,SAVINGS,ACTIVE,186400.21,186400.21,2017-08-07
ACC0000664,CUST000423,SAVINGS,ACTIVE,227118.98,187566.48,2018-05-07
ACC0000665,CUST000178,CHECKING,ACTIVE,89463.01,88088.29,2019-04-08
ACC0000666,CUST000144,SAVINGS,ACTIVE,229238.96,229238.96,2026-04-02
ACC0000667,CUST000217,CHECKING,ACTIVE,15261.14,15261.14,2016-08-25
ACC0000668,CUST000445,CHECKING,CLOSED,27871.79,27871.79,2020-01-30
ACC0000669,CUST000305,CHECKING,ACTIVE,90589.59,81037.03,2022-06-05
ACC0000670,CUST000374,CHECKING,ACTIVE,64382.3,64382.3,2019-05-18
ACC0000671,CUST000279,CHECKING,ACTIVE,192161.1,192161.1,2019-04-08
ACC0000672,CUST000037,CHECKING,CLOSED,94001.84,94001.84,2026-04-29
ACC0000673,CUST000494,SAVINGS,ACTIVE,138628.52,138628.52,2020-09-07
ACC0000674,CUST000128,CHECKING,DORMANT,3030.71,3030.71,2025-07-06
ACC0000675,CUST000074,CHECKING,ACTIVE,57734.63,53440.89,2018-01-26
ACC0000676,CUST000166,CHECKING,DORMANT,210913.83,210913.83,2020-12-22
ACC0000677,CUST000009,SAVINGS,DORMANT,1777.37,1777.37,2020-06-17
ACC0000678,CUST000350,CHECKING,ACTIVE,216742.3,216742.3,2025-11-15
ACC0000679,CUST000206,CHECKING,ACTIVE,15996.53,15996.53,2026-02-12
ACC0000680,CUST000226,CHECKING,ACTIVE,137765.31,137765.31,2019-09-26
ACC0000681,CUST000336,CHECKING,ACTIVE,20888.06,19371.2,2025-10-14
ACC0000682,CUST000433,CHECKING,ACTIVE,147225.08,147225.08,2024-07-22
ACC0000683,CUST000026,SAVINGS,ACTIVE,41271.57,41271.57,2022-07-18
ACC0000684,CUST000367,CHECKING,ACTIVE,42123.95,42123.95,2017-05-10
ACC0000685,CUST000046,SAVINGS,ACTIVE,202426.4,198598.25,2026-06-01
ACC0000686,CUST000080,CHECKING,ACTIVE,110748.16,110748.16,2025-12-05
ACC0000687,CUST000016,SAVINGS,ACTIVE,245482.63,217037.25,2024-11-20
ACC0000688,CUST000118,CHECKING,ACTIVE,206362.35,184646.12,2017-12-08
ACC0000689,CUST000013,CHECKING,CLOSED,112064.12,102150.7,2021-03-24
ACC0000690,CUST000081,SAVINGS,ACTIVE,15255.81,14642.23,2023-10-28
ACC0000691,CUST000428,CHECKING,ACTIVE,204281.47,204281.47,2021-12-31
ACC0000692,CUST000288,CHECKING,ACTIVE,121295.85,121295.85,2023-11-06
ACC0000693,CUST000195,SAVINGS,ACTIVE,115738.37,115738.37,2016-07-30
ACC0000694,CUST000140,CHECKING,ACTIVE,241253.79,241253.79,2023-08-20
ACC0000695,CUST000241,CHECKING,ACTIVE,124519.09,124519.09,2020-03-28
ACC0000696,CUST000182,CHECKING,ACTIVE,144809.9,144809.9,2025-06-25
ACC0000697,CUST000014,SAVINGS,CLOSED,79139.9,79139.9,2020-07-30
ACC0000698,CUST000261,SAVINGS,ACTIVE,47623.29,47623.29,2024-12-09
ACC0000699,CUST000381,CHECKING,CLOSED,98014.56,98014.56,2019-05-02
ACC0000700,CUST000038,SAVINGS,ACTIVE,89140.11,75265.12,2017-02-06
