customer_id,customer_name,email,city,state,risk_category,customer_since
CUST000001,Aryan Maharaj,aryan.maharaj26@example.com,Jaipur,RJ,MEDIUM,2023-12-27
CUST000002,Udant Dewan,udant.dewan143@example.com,Chennai,TN,MEDIUM,2021-06-24
CUST000003,Gagan Sami,gagan.sami605@example.com,Jaipur,RJ,LOW,2024-07-14
CUST000004,Ayushman Chander,ayushman.chander224@example.com,Mumbai,MH,LOW,2024-05-20
CUST000005,Viraj Tiwari,viraj.tiwari575@example.com,Kolkata,WB,LOW,2025-11-21
CUST000006,Rushil Saini,rushil.saini226@example.com,Jaipur,RJ,LOW,2017-01-28
CUST000007,Saumya Mall,saumya.mall778@example.com,Hyderabad,TS,MEDIUM,2026-05-04
CUST000008,Nathaniel Sami,nathaniel.sami349@example.com,Kochi,KL,LOW,2017-01-02
CUST000009,Arunima Dugal,arunima.dugal105@example.com,Chennai,TN,LOW,2018-12-08
CUST000010,Gayathri Chaudry,gayathri.chaudry868@example.com,Pune,MH,LOW,2018-06-08
CUST000011,Lajita Chatterjee,lajita.chatterjee748@example.com,Hyderabad,TS,LOW,2025-07-06
CUST000012,Hemangini Lalla,hemangini.lalla81@example.com,Pune,MH,LOW,2017-12-30
CUST000013,Tripti Yadav,tripti.yadav592@example.com,Jaipur,RJ,LOW,2018-05-17
CUST000014,Kritika Brar,kritika.brar678@example.com,Pune,MH,LOW,2025-06-16
CUST000015,Janaki Handa,janaki.handa876@example.com,Hyderabad,TS,LOW,2024-09-11
CUST000016,Chakradev Kari,chakradev.kari285@example.com,Pune,MH,LOW,2017-12-17
CUST000017,Fariq Kaul,fariq.kaul380@example.com,Delhi,DL,LOW,2022-11-02
CUST000018,Lajita Mall,lajita.mall719@example.com,Jaipur,RJ,HIGH,2020-06-30
CUST000019,Janya Gaba,janya.gaba624@example.com,Jaipur,RJ,MEDIUM,2024-11-19
CUST000020,Isha Kadakia,isha.kadakia168@example.com,Ahmedabad,GJ,LOW,2020-12-29
CUST000021,Ekbal Garg,ekbal.garg702@example.com,Hyderabad,TS,LOW,2021-07-23
CUST000022,Nihal Shere,nihal.shere842@example.com,Mumbai,MH,LOW,2021-05-07
CUST000023,Anamika Kanda,anamika.kanda275@example.com,Delhi,DL,LOW,2017-06-27
CUST000024,Daksh Karnik,daksh.karnik218@example.com,Kolkata,WB,MEDIUM,2019-06-06
CUST000025,Diya Rattan,diya.rattan147@example.com,Noida,UP,LOW,2016-03-12
CUST000026,Dominic Kakar,dominic.kakar765@example.com,Chennai,TN,LOW,2020-08-04
CUST000027,Simon Tata,simon.tata371@example.com,Kolkata,WB,LOW,2017-07-12
CUST000028,Tara Dhar,tara.dhar506@example.com,Bengaluru,KA,LOW,2015-01-21
CUST000029,Liam Koshy,liam.koshy157@example.com,Mumbai,MH,MEDIUM,2024-01-10
CUST000030,Priya Rastogi,priya.rastogi611@example.com,Jaipur,RJ,LOW,2017-01-06
CUST000031,Theodore Devi,theodore.devi542@example.com,Noida,UP,LOW,2015-12-27
CUST000032,Gavin Batta,gavin.batta697@example.com,Ahmedabad,GJ,MEDIUM,2026-03-24
CUST000033,Michael Dutta,michael.dutta788@example.com,Jaipur,RJ,MEDIUM,2020-07-02
CUST000034,Devansh Rajan,devansh.rajan446@example.com,Pune,MH,LOW,2019-11-26
CUST000035,Upadhriti Wadhwa,upadhriti.wadhwa996@example.com,Mumbai,MH,LOW,2020-07-30
CUST000036,Advay Contractor,advay.contractor935@example.com,Bengaluru,KA,LOW,2015-02-06
CUST000037,Harini Choudhury,harini.choudhury862@example.com,Jaipur,RJ,MEDIUM,2019-10-17
CUST000038,Radhika Dugar,radhika.dugar157@example.com,Kolkata,WB,LOW,2022-01-09
CUST000039,Aarush Lall,aarush.lall941@example.com,Bengaluru,KA,LOW,2014-08-04
CUST000040,Yashica Cherian,yashica.cherian20@example.com,Delhi,DL,LOW,2015-07-12
CUST000041,Yashica Issac,yashica.issac246@example.com,Delhi,DL,LOW,2019-08-03
CUST000042,Kashvi Edwin,kashvi.edwin88@example.com,Kolkata,WB,MEDIUM,2024-09-19
CUST000043,Ekiya Suresh,ekiya.suresh132@example.com,Pune,MH,MEDIUM,2023-08-31
CUST000044,Isaac Patil,isaac.patil272@example.com,Ahmedabad,GJ,LOW,2022-10-13
CUST000045,Wriddhish Bhardwaj,wriddhish.bhardwaj988@example.com,Kolkata,WB,LOW,2016-12-29
CUST000046,Farhan Chada,farhan.chada731@example.com,Ahmedabad,GJ,LOW,2021-12-22
CUST000047,Ekapad Walia,ekapad.walia449@example.com,Jaipur,RJ,MEDIUM,2018-02-09
CUST000048,Kabir Soman,kabir.soman254@example.com,Gurugram,HR,LOW,2023-10-09
CUST000049,Alka Wable,alka.wable603@example.com,Delhi,DL,LOW,2026-01-05
CUST000050,Siddharth Zacharia,siddharth.zacharia8@example.com,Kolkata,WB,LOW,2021-07-18
CUST000051,Devika Rastogi,devika.rastogi235@example.com,Jaipur,RJ,LOW,2025-03-01
CUST000052,Raksha Varughese,raksha.varughese73@example.com,Mumbai,MH,LOW,2019-01-28
CUST000053,Jai Kota,jai.kota220@example.com,Hyderabad,TS,LOW,2015-08-07
CUST000054,Devansh Nigam,devansh.nigam249@example.com,Kochi,KL,MEDIUM,2015-11-19
CUST000055,Victor Kannan,victor.kannan97@example.com,Noida,UP,LOW,2022-03-20
CUST000056,Ekavir Bhargava,ekavir.bhargava434@example.com,Noida,UP,LOW,2018-07-16
CUST000057,Ekansh Balay,ekansh.balay690@example.com,Kochi,KL,MEDIUM,2025-04-09
CUST000058,Ekavir Varkey,ekavir.varkey63@example.com,Jaipur,RJ,LOW,2024-04-11
CUST000059,Arya Sunder,arya.sunder255@example.com,Delhi,DL,LOW,2024-01-13
CUST000060,Kevin Solanki,kevin.solanki144@example.com,Ahmedabad,GJ,LOW,2016-06-03
CUST000061,Urvashi Ray,urvashi.ray256@example.com,Hyderabad,TS,MEDIUM,2016-02-10
CUST000062,Girindra Chatterjee,girindra.chatterjee828@example.com,Pune,MH,MEDIUM,2016-07-18
CUST000063,Irya Sampath,irya.sampath52@example.com,Ahmedabad,GJ,MEDIUM,2024-04-15
CUST000064,Unni Bhagat,unni.bhagat993@example.com,Ahmedabad,GJ,LOW,2026-02-26
CUST000065,Darsh Rau,darsh.rau417@example.com,Chennai,TN,LOW,2022-10-03
CUST000066,Ikbal Kothari,ikbal.kothari925@example.com,Chennai,TN,LOW,2017-06-28
CUST000067,Ranveer Yadav,ranveer.yadav400@example.com,Noida,UP,LOW,2026-06-09
CUST000068,Logan Sami,logan.sami434@example.com,Gurugram,HR,MEDIUM,2020-02-02
CUST000069,Arya Shere,arya.shere159@example.com,Kochi,KL,LOW,2015-07-28
CUST000070,Faqid Savant,faqid.savant594@example.com,Chennai,TN,MEDIUM,2025-03-04
CUST000071,Chandresh Zachariah,chandresh.zachariah59@example.com,Mumbai,MH,LOW,2019-06-14
CUST000072,Girik Khalsa,girik.khalsa942@example.com,Gurugram,HR,MEDIUM,2015-03-17
CUST000073,Niharika Sunder,niharika.sunder984@example.com,Bengaluru,KA,LOW,2025-03-18
CUST000074,Tanay Rattan,tanay.rattan610@example.com,Bengaluru,KA,LOW,2024-12-12
CUST000075,Nitesh Raghavan,nitesh.raghavan123@example.com,Chennai,TN,HIGH,2017-06-06
CUST000076,Madhavi Lanka,madhavi.lanka593@example.com,Kolkata,WB,LOW,2020-12-18
CUST000077,Bhavika Sampath,bhavika.sampath430@example.com,Kolkata,WB,MEDIUM,2024-08-24
CUST000078,Mohammed Gupta,mohammed.gupta324@example.com,Kolkata,WB,HIGH,2014-10-05
CUST000079,Teerth Bhardwaj,teerth.bhardwaj245@example.com,Chennai,TN,LOW,2019-06-10
CUST000080,Dipta Bhandari,dipta.bhandari469@example.com,Bengaluru,KA,LOW,2019-10-04
CUST000081,Vansha Thakkar,vansha.thakkar470@example.com,Pune,MH,MEDIUM,2026-04-11
CUST000082,Dakshesh Trivedi,dakshesh.trivedi76@example.com,Kolkata,WB,LOW,2024-03-29
CUST000083,Quincy Biswas,quincy.biswas136@example.com,Ahmedabad,GJ,HIGH,2020-07-15
CUST000084,Wahab Raval,wahab.raval379@example.com,Pune,MH,LOW,2021-01-02
CUST000085,Yatin Baral,yatin.baral627@example.com,Gurugram,HR,HIGH,2019-09-13
CUST000086,Oni Virk,oni.virk9@example.com,Jaipur,RJ,MEDIUM,2014-08-15
CUST000087,Advika Jayaraman,advika.jayaraman955@example.com,Ahmedabad,GJ,MEDIUM,2019-10-09
CUST000088,William Lanka,william.lanka119@example.com,Bengaluru,KA,MEDIUM,2020-07-21
CUST000089,Karan Mital,karan.mital279@example.com,Kochi,KL,LOW,2022-12-31
CUST000090,Diya Bora,diya.bora209@example.com,Chennai,TN,MEDIUM,2018-10-18
CUST000091,Tara Chaudhry,tara.chaudhry501@example.com,Hyderabad,TS,LOW,2015-02-24
CUST000092,Tanay Toor,tanay.toor650@example.com,Mumbai,MH,LOW,2024-05-31
CUST000093,Kevin Palla,kevin.palla4@example.com,Hyderabad,TS,LOW,2025-06-30
CUST000094,Yash Pingle,yash.pingle166@example.com,Bengaluru,KA,MEDIUM,2020-08-11
CUST000095,Nakul Sarma,nakul.sarma575@example.com,Ahmedabad,GJ,LOW,2016-11-22
CUST000096,Abhiram Mistry,abhiram.mistry559@example.com,Pune,MH,LOW,2023-02-21
CUST000097,Krish Lalla,krish.lalla441@example.com,Delhi,DL,LOW,2023-03-01
CUST000098,Hredhaan Dugal,hredhaan.dugal921@example.com,Hyderabad,TS,HIGH,2018-04-22
CUST000099,Baghyawati Kade,baghyawati.kade216@example.com,Mumbai,MH,MEDIUM,2018-06-17
CUST000100,Samar Lalla,samar.lalla363@example.com,Jaipur,RJ,MEDIUM,2024-03-06
CUST000101,Zayan Behl,zayan.behl948@example.com,Noida,UP,HIGH,2023-01-07
CUST000102,Pallavi Malhotra,pallavi.malhotra903@example.com,Bengaluru,KA,LOW,2022-07-07
CUST000103,Aarush Nath,aarush.nath802@example.com,Bengaluru,KA,HIGH,2019-01-13
CUST000104,Adweta Edwin,adweta.edwin274@example.com,Jaipur,RJ,LOW,2020-12-02
CUST000105,Prisha Andra,prisha.andra392@example.com,Kochi,KL,MEDIUM,2024-01-23
CUST000106,Faqid Dixit,faqid.dixit205@example.com,Gurugram,HR,MEDIUM,2021-06-30
CUST000107,Kala Divan,kala.divan313@example.com,Gurugram,HR,MEDIUM,2018-08-23
CUST000108,Joshua Barman,joshua.barman25@example.com,Chennai,TN,MEDIUM,2021-06-26
CUST000109,Janya Baral,janya.baral286@example.com,Noida,UP,MEDIUM,2019-02-14
CUST000110,Shivansh Krish,shivansh.krish657@example.com,Hyderabad,TS,LOW,2018-08-11
CUST000111,Irya Ray,irya.ray962@example.com,Jaipur,RJ,LOW,2019-01-22
CUST000112,Warjas Gaba,warjas.gaba595@example.com,Hyderabad,TS,HIGH,2022-06-25
CUST000113,Nitara Bakshi,nitara.bakshi112@example.com,Hyderabad,TS,LOW,2025-08-17
CUST000114,Gaurangi Sabharwal,gaurangi.sabharwal447@example.com,Delhi,DL,MEDIUM,2019-06-14
CUST000115,Amara Dutta,amara.dutta395@example.com,Ahmedabad,GJ,MEDIUM,2023-11-22
CUST000116,Lavanya Barad,lavanya.barad46@example.com,Chennai,TN,MEDIUM,2020-10-09
CUST000117,Tristan Iyengar,tristan.iyengar948@example.com,Mumbai,MH,MEDIUM,2014-10-28
CUST000118,Inaya Mody,inaya.mody373@example.com,Jaipur,RJ,LOW,2022-01-24
CUST000119,Udant Bajwa,udant.bajwa639@example.com,Jaipur,RJ,LOW,2019-01-30
CUST000120,Mohini Narasimhan,mohini.narasimhan520@example.com,Pune,MH,LOW,2019-10-01
CUST000121,Ekaraj Mallick,ekaraj.mallick413@example.com,Noida,UP,MEDIUM,2019-03-03
CUST000122,Yashodhara Ratta,yashodhara.ratta197@example.com,Ahmedabad,GJ,LOW,2023-08-19
CUST000123,Ayaan D’Alia,ayaan.d’alia631@example.com,Noida,UP,LOW,2022-08-01
CUST000124,Pranav Lanka,pranav.lanka312@example.com,Noida,UP,LOW,2026-06-23
CUST000125,Ikbal Saraf,ikbal.saraf477@example.com,Noida,UP,LOW,2019-04-05
CUST000126,Dipta Sarin,dipta.sarin524@example.com,Jaipur,RJ,LOW,2021-09-10
CUST000127,Lekha Gupta,lekha.gupta675@example.com,Kochi,KL,LOW,2022-09-05
CUST000128,Chaitanya Sarin,chaitanya.sarin96@example.com,Ahmedabad,GJ,MEDIUM,2018-12-20
CUST000129,Zinal Yohannan,zinal.yohannan231@example.com,Chennai,TN,MEDIUM,2019-07-11
CUST000130,Januja Sankar,januja.sankar48@example.com,Bengaluru,KA,LOW,2025-12-08
CUST000131,Ganga Murthy,ganga.murthy467@example.com,Gurugram,HR,LOW,2024-11-07
CUST000132,Charita Tripathi,charita.tripathi736@example.com,Jaipur,RJ,MEDIUM,2022-02-15
CUST000133,Nilima Narain,nilima.narain250@example.com,Gurugram,HR,LOW,2017-07-10
CUST000134,Chakrika Datta,chakrika.datta915@example.com,Kochi,KL,MEDIUM,2026-05-12
CUST000135,Osha Raghavan,osha.raghavan225@example.com,Pune,MH,LOW,2016-12-13
CUST000136,Charvi Ravi,charvi.ravi476@example.com,Kochi,KL,LOW,2014-11-13
CUST000137,Daksha Mangat,daksha.mangat468@example.com,Chennai,TN,LOW,2023-10-06
CUST000138,Qushi Nagy,qushi.nagy973@example.com,Gurugram,HR,MEDIUM,2019-05-15
CUST000139,Riya Sathe,riya.sathe437@example.com,Gurugram,HR,MEDIUM,2015-03-01
CUST000140,Yasti Solanki,yasti.solanki919@example.com,Ahmedabad,GJ,LOW,2016-06-26
CUST000141,Frado Mander,frado.mander266@example.com,Gurugram,HR,MEDIUM,2016-05-23
CUST000142,Girik Keer,girik.keer785@example.com,Jaipur,RJ,MEDIUM,2020-04-07
CUST000143,Umang Issac,umang.issac282@example.com,Gurugram,HR,LOW,2021-02-13
CUST000144,Aryan Batra,aryan.batra241@example.com,Kochi,KL,LOW,2020-01-29
CUST000145,Vaishnavi Bora,vaishnavi.bora142@example.com,Delhi,DL,LOW,2024-09-04
CUST000146,Oeshi Hayer,oeshi.hayer724@example.com,Noida,UP,LOW,2023-01-22
CUST000147,Warda Ratta,warda.ratta339@example.com,Noida,UP,LOW,2017-05-05
CUST000148,Manbir Ahluwalia,manbir.ahluwalia212@example.com,Noida,UP,MEDIUM,2025-02-01
CUST000149,Pavani Kanda,pavani.kanda878@example.com,Noida,UP,MEDIUM,2026-01-17
CUST000150,Zarna Shetty,zarna.shetty489@example.com,Kolkata,WB,LOW,2017-12-14
CUST000151,Zaid Dara,zaid.dara772@example.com,Delhi,DL,LOW,2019-10-15
CUST000152,Kiaan Shetty,kiaan.shetty500@example.com,Noida,UP,LOW,2021-07-16
CUST000153,Saanvi Thaman,saanvi.thaman30@example.com,Noida,UP,LOW,2015-08-05
CUST000154,Sanaya Dutt,sanaya.dutt742@example.com,Jaipur,RJ,LOW,2017-06-01
CUST000155,Shivani Lad,shivani.lad638@example.com,Gurugram,HR,LOW,2023-08-16
CUST000156,Aradhana Verma,aradhana.verma86@example.com,Noida,UP,MEDIUM,2025-11-16
CUST000157,William Maharaj,william.maharaj187@example.com,Bengaluru,KA,LOW,2016-02-17
CUST000158,Faras Mangal,faras.mangal217@example.com,Noida,UP,LOW,2019-02-22
CUST000159,Anita Nayak,anita.nayak285@example.com,Delhi,DL,MEDIUM,2017-12-25
CUST000160,Faris Devi,faris.devi855@example.com,Noida,UP,LOW,2020-10-29
CUST000161,Vihaan Rajagopal,vihaan.rajagopal975@example.com,Mumbai,MH,LOW,2025-04-26
CUST000162,Tanish Bhatt,tanish.bhatt800@example.com,Jaipur,RJ,HIGH,2024-12-11
CUST000163,Nikita Narayanan,nikita.narayanan973@example.com,Mumbai,MH,LOW,2025-10-15
CUST000164,Ojasvi Bhatia,ojasvi.bhatia245@example.com,Mumbai,MH,LOW,2023-01-25
CUST000165,Osha Ramachandran,osha.ramachandran578@example.com,Jaipur,RJ,HIGH,2023-12-02
CUST000166,Lajita Sood,lajita.sood786@example.com,Gurugram,HR,LOW,2020-09-26
CUST000167,Indira Misra,indira.misra797@example.com,Kolkata,WB,MEDIUM,2023-12-01
CUST000168,Oni Yohannan,oni.yohannan593@example.com,Hyderabad,TS,LOW,2024-01-23
CUST000169,Vinaya Kanda,vinaya.kanda407@example.com,Hyderabad,TS,HIGH,2018-01-25
CUST000170,Rajata Sunder,rajata.sunder607@example.com,Chennai,TN,MEDIUM,2024-10-12
CUST000171,Lopa Nayar,lopa.nayar105@example.com,Jaipur,RJ,MEDIUM,2021-01-14
CUST000172,Noah Sibal,noah.sibal816@example.com,Hyderabad,TS,HIGH,2023-10-09
CUST000173,Avi Ramesh,avi.ramesh546@example.com,Mumbai,MH,LOW,2018-09-12
CUST000174,Fiyaz Sangha,fiyaz.sangha519@example.com,Delhi,DL,MEDIUM,2024-12-09
CUST000175,Triya Gopal,triya.gopal843@example.com,Mumbai,MH,LOW,2017-01-23
CUST000176,Abha Raghavan,abha.raghavan651@example.com,Noida,UP,MEDIUM,2018-05-12
CUST000177,Siddharth Sha,siddharth.sha446@example.com,Gurugram,HR,LOW,2023-01-20
CUST000178,Geetika Raghavan,geetika.raghavan631@example.com,Ahmedabad,GJ,MEDIUM,2020-06-05
CUST000179,Oviya Krishnan,oviya.krishnan477@example.com,Ahmedabad,GJ,LOW,2015-08-23
CUST000180,Upma Bahl,upma.bahl331@example.com,Kochi,KL,MEDIUM,2020-06-19
CUST000181,Inaya Kapur,inaya.kapur903@example.com,Pune,MH,LOW,2020-03-25
CUST000182,Banjeet Balasubramanian,banjeet.balasubramanian345@example.com,Gurugram,HR,LOW,2017-12-26
CUST000183,Ryan Bahri,ryan.bahri500@example.com,Delhi,DL,LOW,2022-05-29
CUST000184,William Date,william.date287@example.com,Hyderabad,TS,MEDIUM,2018-11-07
CUST000185,Ishwar Kamdar,ishwar.kamdar570@example.com,Kochi,KL,LOW,2020-04-15
CUST000186,Aahana Pillay,aahana.pillay248@example.com,Chennai,TN,MEDIUM,2024-07-25
CUST000187,Ishwar Gade,ishwar.gade708@example.com,Gurugram,HR,LOW,2021-02-04
CUST000188,Hritik Bal,hritik.bal459@example.com,Kochi,KL,MEDIUM,2015-06-24
CUST000189,Keya Ranganathan,keya.ranganathan227@example.com,Pune,MH,LOW,2019-11-20
CUST000190,Faqid Kibe,faqid.kibe680@example.com,Chennai,TN,LOW,2019-08-14
CUST000191,Charvi Dara,charvi.dara353@example.com,Gurugram,HR,LOW,2014-07-30
CUST000192,Idika Walia,idika.walia361@example.com,Kochi,KL,MEDIUM,2019-01-25
CUST000193,Kamala Biswas,kamala.biswas258@example.com,Hyderabad,TS,LOW,2019-08-11
CUST000194,Advik Salvi,advik.salvi324@example.com,Kochi,KL,LOW,2022-03-02
CUST000195,Hitesh Sant,hitesh.sant197@example.com,Ahmedabad,GJ,LOW,2022-05-02
CUST000196,Tripti Dua,tripti.dua742@example.com,Gurugram,HR,LOW,2020-04-13
CUST000197,Patrick Vig,patrick.vig103@example.com,Ahmedabad,GJ,MEDIUM,2020-02-20
CUST000198,Veda Shroff,veda.shroff370@example.com,Hyderabad,TS,LOW,2021-05-20
CUST000199,Amrita Naidu,amrita.naidu281@example.com,Mumbai,MH,LOW,2023-08-25
CUST000200,Gabriel Mallick,gabriel.mallick715@example.com,Mumbai,MH,HIGH,2019-12-07
CUST000201,Yagnesh Shetty,yagnesh.shetty106@example.com,Jaipur,RJ,MEDIUM,2015-06-23
CUST000202,Gayathri Balakrishnan,gayathri.balakrishnan481@example.com,Kolkata,WB,LOW,2020-02-09
CUST000203,Ekta Gopal,ekta.gopal989@example.com,Delhi,DL,LOW,2022-05-08
CUST000204,Simon Pant,simon.pant842@example.com,Gurugram,HR,LOW,2023-12-05
CUST000205,Harini Mammen,harini.mammen591@example.com,Gurugram,HR,MEDIUM,2024-10-28
CUST000206,Advaith Varughese,advaith.varughese153@example.com,Mumbai,MH,MEDIUM,2023-01-31
CUST000207,Frederick Khurana,frederick.khurana255@example.com,Hyderabad,TS,LOW,2024-07-29
CUST000208,Vrinda Khosla,vrinda.khosla795@example.com,Noida,UP,LOW,2021-06-04
CUST000209,Vritti Sem,vritti.sem305@example.com,Gurugram,HR,MEDIUM,2016-07-22
CUST000210,Girik Menon,girik.menon583@example.com,Noida,UP,MEDIUM,2019-08-21
CUST000211,Nidhi Kohli,nidhi.kohli971@example.com,Kolkata,WB,MEDIUM,2024-04-05
CUST000212,Jyoti Solanki,jyoti.solanki271@example.com,Jaipur,RJ,MEDIUM,2021-10-02
CUST000213,Pavani Narayanan,pavani.narayanan178@example.com,Bengaluru,KA,LOW,2021-02-08
CUST000214,Sudiksha Madan,sudiksha.madan419@example.com,Bengaluru,KA,LOW,2026-06-05
CUST000215,Zayan Kashyap,zayan.kashyap299@example.com,Kolkata,WB,LOW,2015-12-12
CUST000216,Reyansh Mutti,reyansh.mutti720@example.com,Hyderabad,TS,MEDIUM,2020-02-22
CUST000217,Qasim Handa,qasim.handa947@example.com,Pune,MH,LOW,2021-04-01
CUST000218,Veda Malhotra,veda.malhotra436@example.com,Jaipur,RJ,LOW,2022-01-18
CUST000219,Harish Hari,harish.hari931@example.com,Chennai,TN,LOW,2023-02-22
CUST000220,Utkarsh Patel,utkarsh.patel62@example.com,Bengaluru,KA,LOW,2024-11-19
CUST000221,Chasmum Atwal,chasmum.atwal450@example.com,Hyderabad,TS,LOW,2020-01-05
CUST000222,Anusha Bath,anusha.bath717@example.com,Kochi,KL,LOW,2019-08-31
CUST000223,Brinda Date,brinda.date553@example.com,Hyderabad,TS,LOW,2015-04-06
CUST000224,Harshil Arora,harshil.arora911@example.com,Pune,MH,LOW,2025-08-04
CUST000225,Upasna Srinivas,upasna.srinivas27@example.com,Delhi,DL,LOW,2020-11-13
CUST000226,Harini Gour,harini.gour784@example.com,Jaipur,RJ,MEDIUM,2026-01-08
CUST000227,Zayyan Sridhar,zayyan.sridhar782@example.com,Hyderabad,TS,MEDIUM,2025-08-01
CUST000228,Dhruv Rattan,dhruv.rattan668@example.com,Gurugram,HR,LOW,2014-11-05
CUST000229,Ethan Bera,ethan.bera600@example.com,Hyderabad,TS,LOW,2022-06-01
CUST000230,Manthan Modi,manthan.modi482@example.com,Gurugram,HR,LOW,2024-06-09
CUST000231,Yuvraj Dani,yuvraj.dani687@example.com,Delhi,DL,LOW,2019-04-14
CUST000232,Upkaar Virk,upkaar.virk422@example.com,Bengaluru,KA,MEDIUM,2019-02-02
CUST000233,Shravya Savant,shravya.savant834@example.com,Hyderabad,TS,MEDIUM,2017-07-03
CUST000234,Pushti Mody,pushti.mody91@example.com,Mumbai,MH,LOW,2016-04-14
CUST000235,Hardik Johal,hardik.johal994@example.com,Delhi,DL,MEDIUM,2023-11-20
CUST000236,Aishani Bumb,aishani.bumb674@example.com,Ahmedabad,GJ,MEDIUM,2026-06-17
CUST000237,Wriddhish Ghose,wriddhish.ghose56@example.com,Gurugram,HR,LOW,2017-03-20
CUST000238,Naksh Agate,naksh.agate641@example.com,Delhi,DL,LOW,2015-04-22
CUST000239,Shravya Singhal,shravya.singhal274@example.com,Mumbai,MH,LOW,2021-12-02
CUST000240,Bachittar Kata,bachittar.kata902@example.com,Hyderabad,TS,MEDIUM,2016-08-28
CUST000241,Barkha Setty,barkha.setty997@example.com,Pune,MH,MEDIUM,2025-11-02
CUST000242,Vivaan Lalla,vivaan.lalla319@example.com,Chennai,TN,LOW,2022-12-07
CUST000243,Pavani Contractor,pavani.contractor96@example.com,Ahmedabad,GJ,LOW,2017-05-02
CUST000244,Manthan Lata,manthan.lata970@example.com,Pune,MH,LOW,2016-02-19
CUST000245,Ekbal Bhasin,ekbal.bhasin956@example.com,Bengaluru,KA,MEDIUM,2015-04-23
CUST000246,Damyanti Mani,damyanti.mani426@example.com,Ahmedabad,GJ,MEDIUM,2020-05-09
CUST000247,Jeet Sidhu,jeet.sidhu468@example.com,Gurugram,HR,LOW,2021-01-07
CUST000248,Neha Magar,neha.magar944@example.com,Noida,UP,LOW,2022-03-18
CUST000249,Raksha Buch,raksha.buch885@example.com,Kochi,KL,LOW,2023-06-04
CUST000250,Rachana Naidu,rachana.naidu957@example.com,Noida,UP,MEDIUM,2018-11-11
CUST000251,Atharv Chand,atharv.chand290@example.com,Hyderabad,TS,MEDIUM,2026-06-05
CUST000252,Ansh Luthra,ansh.luthra887@example.com,Kolkata,WB,LOW,2015-07-03
CUST000253,Parth Singhal,parth.singhal354@example.com,Ahmedabad,GJ,LOW,2015-08-16
CUST000254,Arunima Golla,arunima.golla467@example.com,Ahmedabad,GJ,HIGH,2018-01-09
CUST000255,Vyanjana Chand,vyanjana.chand586@example.com,Chennai,TN,LOW,2021-02-16
CUST000256,Ijaya Rege,ijaya.rege326@example.com,Noida,UP,MEDIUM,2025-07-04
CUST000257,Ekani Cheema,ekani.cheema396@example.com,Kochi,KL,HIGH,2017-12-07
CUST000258,Forum Sabharwal,forum.sabharwal508@example.com,Jaipur,RJ,HIGH,2023-01-27
CUST000259,Bhavya Rattan,bhavya.rattan989@example.com,Bengaluru,KA,LOW,2015-03-22
CUST000260,Suhani Chakrabarti,suhani.chakrabarti103@example.com,Pune,MH,LOW,2016-08-11
CUST000261,Zayyan Naik,zayyan.naik740@example.com,Gurugram,HR,LOW,2026-02-21
CUST000262,Netra Varkey,netra.varkey77@example.com,Jaipur,RJ,LOW,2023-01-09
CUST000263,Turvi Sachdev,turvi.sachdev639@example.com,Hyderabad,TS,MEDIUM,2018-11-22
CUST000264,Raghav Vasa,raghav.vasa873@example.com,Jaipur,RJ,LOW,2024-09-07
CUST000265,Wishi Sathe,wishi.sathe978@example.com,Jaipur,RJ,LOW,2017-12-17
CUST000266,Samar Loke,samar.loke894@example.com,Kochi,KL,LOW,2015-07-17
CUST000267,Bhavna Sarma,bhavna.sarma241@example.com,Kolkata,WB,MEDIUM,2024-12-13
CUST000268,Jairaj Balakrishnan,jairaj.balakrishnan765@example.com,Hyderabad,TS,LOW,2021-05-20
CUST000269,Nathan Mukhopadhyay,nathan.mukhopadhyay455@example.com,Pune,MH,LOW,2024-03-25
CUST000270,Nikita Chander,nikita.chander48@example.com,Hyderabad,TS,LOW,2025-11-01
CUST000271,Ishaan Shenoy,ishaan.shenoy368@example.com,Mumbai,MH,LOW,2019-11-27
CUST000272,Mitesh Tara,mitesh.tara544@example.com,Bengaluru,KA,LOW,2021-01-03
CUST000273,Yashodhara Mahajan,yashodhara.mahajan175@example.com,Jaipur,RJ,LOW,2022-06-12
CUST000274,Vasudha Sodhi,vasudha.sodhi635@example.com,Kolkata,WB,MEDIUM,2017-11-27
CUST000275,Tanmayi Dhillon,tanmayi.dhillon238@example.com,Gurugram,HR,LOW,2023-04-11
CUST000276,Rayaan Trivedi,rayaan.trivedi262@example.com,Hyderabad,TS,MEDIUM,2016-03-06
CUST000277,Ekaraj Majumdar,ekaraj.majumdar694@example.com,Gurugram,HR,LOW,2020-01-13
CUST000278,Harini Tripathi,harini.tripathi968@example.com,Pune,MH,LOW,2016-07-30
CUST000279,Aarnav Mandal,aarnav.mandal655@example.com,Kolkata,WB,HIGH,2019-10-11
CUST000280,Vrishti Dixit,vrishti.dixit468@example.com,Kochi,KL,MEDIUM,2020-11-16
CUST000281,Veda Pai,veda.pai874@example.com,Chennai,TN,LOW,2017-11-09
CUST000282,Krishna Shah,krishna.shah586@example.com,Chennai,TN,LOW,2017-12-06
CUST000283,Ranbir Khare,ranbir.khare23@example.com,Hyderabad,TS,HIGH,2019-11-12
CUST000284,Vivaan Roy,vivaan.roy282@example.com,Jaipur,RJ,LOW,2017-08-10
CUST000285,Eesha Solanki,eesha.solanki933@example.com,Jaipur,RJ,MEDIUM,2025-05-21
CUST000286,Libni Doshi,libni.doshi795@example.com,Gurugram,HR,MEDIUM,2020-01-25
CUST000287,Balhaar Date,balhaar.date225@example.com,Kolkata,WB,MEDIUM,2018-08-01
CUST000288,Harish Sarraf,harish.sarraf695@example.com,Kolkata,WB,MEDIUM,2020-11-11
CUST000289,Tanmayi Aurora,tanmayi.aurora644@example.com,Jaipur,RJ,LOW,2023-06-02
CUST000290,Nimrat Dubey,nimrat.dubey317@example.com,Jaipur,RJ,MEDIUM,2025-08-08
CUST000291,Upasna Lanka,upasna.lanka750@example.com,Mumbai,MH,LOW,2018-04-21
CUST000292,Mitali Buch,mitali.buch766@example.com,Hyderabad,TS,LOW,2019-02-27
CUST000293,Lajita Nadig,lajita.nadig806@example.com,Chennai,TN,LOW,2023-07-10
CUST000294,Balendra Biswas,balendra.biswas514@example.com,Delhi,DL,HIGH,2014-07-31
CUST000295,Bhavna Karan,bhavna.karan936@example.com,Bengaluru,KA,MEDIUM,2020-09-20
CUST000296,Radha Chaudhari,radha.chaudhari765@example.com,Gurugram,HR,MEDIUM,2019-11-13
CUST000297,Sachi Ganesan,sachi.ganesan987@example.com,Pune,MH,LOW,2015-12-25
CUST000298,Ayush Batra,ayush.batra991@example.com,Chennai,TN,MEDIUM,2017-07-28
CUST000299,Daksh Memon,daksh.memon93@example.com,Ahmedabad,GJ,MEDIUM,2018-04-13
CUST000300,Kavya Sankar,kavya.sankar550@example.com,Mumbai,MH,LOW,2020-07-21
CUST000301,Yash Wali,yash.wali599@example.com,Delhi,DL,LOW,2020-08-09
CUST000302,Pranit Garde,pranit.garde111@example.com,Jaipur,RJ,MEDIUM,2018-02-25
CUST000303,Farhan Raja,farhan.raja635@example.com,Gurugram,HR,MEDIUM,2025-12-03
CUST000304,Widisha Dhar,widisha.dhar938@example.com,Ahmedabad,GJ,MEDIUM,2019-02-16
CUST000305,Triya Kumar,triya.kumar651@example.com,Jaipur,RJ,MEDIUM,2025-01-25
CUST000306,Aadhya Andra,aadhya.andra665@example.com,Kochi,KL,LOW,2019-09-16
CUST000307,Bhavna Dugar,bhavna.dugar969@example.com,Bengaluru,KA,LOW,2025-06-20
CUST000308,Riya Pai,riya.pai100@example.com,Gurugram,HR,LOW,2023-11-18
CUST000309,Panini Krishna,panini.krishna398@example.com,Ahmedabad,GJ,LOW,2023-06-11
CUST000310,Chasmum Issac,chasmum.issac602@example.com,Jaipur,RJ,MEDIUM,2017-01-31
CUST000311,Vasudha Chhabra,vasudha.chhabra671@example.com,Bengaluru,KA,LOW,2017-03-07
CUST000312,Lakshmi Parmer,lakshmi.parmer962@example.com,Gurugram,HR,HIGH,2017-05-01
CUST000313,Chakrika Bains,chakrika.bains223@example.com,Mumbai,MH,LOW,2018-03-05
CUST000314,Anvi Anand,anvi.anand102@example.com,Chennai,TN,HIGH,2018-05-08
CUST000315,Watika Mangat,watika.mangat63@example.com,Delhi,DL,LOW,2018-06-10
CUST000316,Indira Kanda,indira.kanda972@example.com,Chennai,TN,MEDIUM,2023-09-30
CUST000317,Zashil Devan,zashil.devan679@example.com,Gurugram,HR,LOW,2024-06-06
CUST000318,Balveer More,balveer.more52@example.com,Jaipur,RJ,MEDIUM,2026-01-03
CUST000319,Bahadurjit Patla,bahadurjit.patla806@example.com,Chennai,TN,LOW,2023-08-30
CUST000320,Gautam Merchant,gautam.merchant601@example.com,Pune,MH,LOW,2021-11-02
CUST000321,Ojasvi Gill,ojasvi.gill793@example.com,Chennai,TN,LOW,2019-02-12
CUST000322,Kevin Zacharia,kevin.zacharia284@example.com,Kolkata,WB,MEDIUM,2026-06-03
CUST000323,Yachana Mahajan,yachana.mahajan554@example.com,Bengaluru,KA,LOW,2023-07-28
CUST000324,Aarini Subramaniam,aarini.subramaniam677@example.com,Bengaluru,KA,MEDIUM,2024-01-08
CUST000325,Hamsini Contractor,hamsini.contractor367@example.com,Bengaluru,KA,MEDIUM,2026-02-25
CUST000326,Faqid Dhaliwal,faqid.dhaliwal17@example.com,Chennai,TN,LOW,2019-03-23
CUST000327,Mekhala Pau,mekhala.pau760@example.com,Mumbai,MH,LOW,2023-08-23
CUST000328,Megha Atwal,megha.atwal488@example.com,Pune,MH,LOW,2025-01-22
CUST000329,Jatin Sha,jatin.sha608@example.com,Delhi,DL,LOW,2014-12-22
CUST000330,Adweta Raj,adweta.raj969@example.com,Ahmedabad,GJ,MEDIUM,2021-07-08
CUST000331,Hritik Kaur,hritik.kaur309@example.com,Kochi,KL,LOW,2014-10-16
CUST000332,Aryan Narang,aryan.narang491@example.com,Mumbai,MH,MEDIUM,2025-02-13
CUST000333,Dev Shetty,dev.shetty503@example.com,Noida,UP,MEDIUM,2024-01-24
CUST000334,Nilima Dada,nilima.dada921@example.com,Gurugram,HR,LOW,2024-11-01
CUST000335,Chakradev Barad,chakradev.barad68@example.com,Kolkata,WB,LOW,2023-02-27
CUST000336,Waida D’Alia,waida.d’alia391@example.com,Kolkata,WB,HIGH,2019-03-12
CUST000337,Wahab Yogi,wahab.yogi465@example.com,Ahmedabad,GJ,LOW,2019-11-15
CUST000338,Lipika Setty,lipika.setty813@example.com,Noida,UP,MEDIUM,2024-04-05
CUST000339,Oni Dubey,oni.dubey441@example.com,Jaipur,RJ,LOW,2021-08-30
CUST000340,Hardik Suri,hardik.suri348@example.com,Chennai,TN,MEDIUM,2017-03-16
CUST000341,Ati Bali,ati.bali748@example.com,Noida,UP,LOW,2017-02-26
CUST000342,Teerth Sawhney,teerth.sawhney682@example.com,Noida,UP,LOW,2019-06-23
CUST000343,Warinder Patil,warinder.patil69@example.com,Bengaluru,KA,LOW,2015-11-06
CUST000344,Jhalak Parmer,jhalak.parmer443@example.com,Pune,MH,LOW,2024-05-24
CUST000345,Mitali Majumdar,mitali.majumdar832@example.com,Kochi,KL,LOW,2018-02-16
CUST000346,Jason Sha,jason.sha687@example.com,Mumbai,MH,LOW,2019-02-03
CUST000347,Simon Bail,simon.bail889@example.com,Delhi,DL,HIGH,2016-12-31
CUST000348,Gauri Kohli,gauri.kohli615@example.com,Mumbai,MH,LOW,2020-01-13
CUST000349,Samesh Biswas,samesh.biswas218@example.com,Pune,MH,LOW,2015-02-08
CUST000350,Tarak Kaul,tarak.kaul868@example.com,Gurugram,HR,LOW,2021-06-15
CUST000351,Manbir Agate,manbir.agate118@example.com,Ahmedabad,GJ,MEDIUM,2018-03-29
CUST000352,Maanav De,maanav.de827@example.com,Kolkata,WB,LOW,2021-05-31
CUST000353,Owen Choudhary,owen.choudhary624@example.com,Ahmedabad,GJ,HIGH,2025-11-23
CUST000354,Karan Aurora,karan.aurora30@example.com,Kochi,KL,LOW,2020-06-27
CUST000355,Wazir Naik,wazir.naik944@example.com,Kochi,KL,LOW,2019-07-22
CUST000356,Owen Lanka,owen.lanka891@example.com,Mumbai,MH,LOW,2022-06-01
CUST000357,Jonathan Sama,jonathan.sama72@example.com,Jaipur,RJ,LOW,2017-06-30
CUST000358,Devansh Soni,devansh.soni94@example.com,Jaipur,RJ,MEDIUM,2025-10-18
CUST000359,Janaki Varghese,janaki.varghese430@example.com,Chennai,TN,LOW,2018-01-18
CUST000360,Siya Thakur,siya.thakur320@example.com,Bengaluru,KA,MEDIUM,2018-03-09
CUST000361,Caleb Verma,caleb.verma905@example.com,Kolkata,WB,LOW,2024-07-31
CUST000362,Tara Balasubramanian,tara.balasubramanian691@example.com,Bengaluru,KA,LOW,2025-05-15
CUST000363,Varenya Ratti,varenya.ratti498@example.com,Gurugram,HR,MEDIUM,2016-12-22
CUST000364,Hritik Swaminathan,hritik.swaminathan221@example.com,Noida,UP,MEDIUM,2020-05-11
CUST000365,Ethan Buch,ethan.buch441@example.com,Pune,MH,LOW,2018-09-29
CUST000366,Manbir Bhatti,manbir.bhatti540@example.com,Jaipur,RJ,MEDIUM,2015-07-28
CUST000367,Anvi Nair,anvi.nair405@example.com,Mumbai,MH,HIGH,2021-07-16
CUST000368,Chaitaly Setty,chaitaly.setty210@example.com,Mumbai,MH,LOW,2026-04-25
CUST000369,Hardik Contractor,hardik.contractor783@example.com,Chennai,TN,LOW,2023-05-29
CUST000370,Qushi Seth,qushi.seth8@example.com,Delhi,DL,LOW,2023-10-18
CUST000371,Odika Nori,odika.nori133@example.com,Noida,UP,LOW,2022-07-18
CUST000372,Mohini Sagar,mohini.sagar513@example.com,Kochi,KL,LOW,2021-04-28
CUST000373,Dhriti Sane,dhriti.sane74@example.com,Jaipur,RJ,LOW,2018-07-17
CUST000374,Aadhya Prasad,aadhya.prasad447@example.com,Kochi,KL,LOW,2025-07-15
CUST000375,Urvi Bhavsar,urvi.bhavsar590@example.com,Pune,MH,LOW,2019-06-19
CUST000376,Frederick Chander,frederick.chander297@example.com,Noida,UP,LOW,2017-02-12
CUST000377,Gopal Pradhan,gopal.pradhan176@example.com,Mumbai,MH,MEDIUM,2019-03-15
CUST000378,Darpan Narayan,darpan.narayan852@example.com,Kolkata,WB,MEDIUM,2016-03-01
CUST000379,Nirja Pandya,nirja.pandya448@example.com,Delhi,DL,MEDIUM,2024-07-05
CUST000380,Charan Mani,charan.mani604@example.com,Chennai,TN,LOW,2016-09-17
CUST000381,Indira Chawla,indira.chawla892@example.com,Pune,MH,LOW,2017-08-10
CUST000382,Mohammed Subramaniam,mohammed.subramaniam342@example.com,Delhi,DL,MEDIUM,2021-07-07
CUST000383,Hritik Palla,hritik.palla649@example.com,Pune,MH,LOW,2015-01-14
CUST000384,Ishwar Mallick,ishwar.mallick928@example.com,Ahmedabad,GJ,MEDIUM,2022-02-19
CUST000385,Pushti Bal,pushti.bal242@example.com,Delhi,DL,LOW,2023-03-05
CUST000386,Ayush Gole,ayush.gole178@example.com,Hyderabad,TS,MEDIUM,2022-01-22
CUST000387,Dayamai Nori,dayamai.nori182@example.com,Jaipur,RJ,HIGH,2024-10-17
CUST000388,Abeer Golla,abeer.golla476@example.com,Jaipur,RJ,MEDIUM,2015-05-28
CUST000389,Nandini Boase,nandini.boase698@example.com,Kolkata,WB,HIGH,2016-06-01
CUST000390,Azaan Chand,azaan.chand885@example.com,Kolkata,WB,HIGH,2019-03-28
CUST000391,Krisha Saini,krisha.saini451@example.com,Delhi,DL,LOW,2023-02-06
CUST000392,Harita Dugar,harita.dugar816@example.com,Gurugram,HR,LOW,2019-09-11
CUST000393,Devika Nair,devika.nair520@example.com,Mumbai,MH,LOW,2018-08-04
CUST000394,Charles Dugal,charles.dugal39@example.com,Gurugram,HR,LOW,2016-05-07
CUST000395,Chandran Bumb,chandran.bumb661@example.com,Hyderabad,TS,MEDIUM,2024-10-06
CUST000396,Saanvi Samra,saanvi.samra394@example.com,Pune,MH,LOW,2015-02-11
CUST000397,Riya Sachdeva,riya.sachdeva461@example.com,Ahmedabad,GJ,HIGH,2025-07-25
CUST000398,Tanveer Vala,tanveer.vala330@example.com,Kolkata,WB,MEDIUM,2022-04-06
CUST000399,Hemani Sani,hemani.sani981@example.com,Ahmedabad,GJ,LOW,2023-02-07
CUST000400,Bhanumati Sur,bhanumati.sur732@example.com,Pune,MH,LOW,2018-10-13
CUST000401,Chakradev Kannan,chakradev.kannan41@example.com,Jaipur,RJ,LOW,2022-08-13
CUST000402,Christopher Amble,christopher.amble537@example.com,Gurugram,HR,LOW,2016-08-18
CUST000403,Charvi Kakar,charvi.kakar382@example.com,Bengaluru,KA,HIGH,2018-04-28
CUST000404,Aadhya Mann,aadhya.mann794@example.com,Noida,UP,LOW,2017-04-26
CUST000405,Jagdish Amble,jagdish.amble809@example.com,Kolkata,WB,MEDIUM,2025-04-24
CUST000406,Qushi Gill,qushi.gill338@example.com,Delhi,DL,LOW,2025-01-03
CUST000407,Lajita Walia,lajita.walia291@example.com,Jaipur,RJ,LOW,2017-10-25
CUST000408,Xiti Pandya,xiti.pandya342@example.com,Jaipur,RJ,LOW,2023-02-11
CUST000409,Mekhala Basak,mekhala.basak939@example.com,Jaipur,RJ,LOW,2023-04-25
CUST000410,Anirudh Sharaf,anirudh.sharaf133@example.com,Jaipur,RJ,LOW,2017-09-11
CUST000411,Dhriti Sanghvi,dhriti.sanghvi573@example.com,Pune,MH,LOW,2019-07-17
CUST000412,Omisha Mann,omisha.mann687@example.com,Delhi,DL,MEDIUM,2023-08-15
CUST000413,Nidhi Bail,nidhi.bail96@example.com,Kochi,KL,MEDIUM,2014-09-05
CUST000414,Onveer Sharma,onveer.sharma371@example.com,Noida,UP,LOW,2015-01-30
CUST000415,Gaurang Sarkar,gaurang.sarkar974@example.com,Hyderabad,TS,LOW,2022-06-11
CUST000416,Yagnesh Sarin,yagnesh.sarin232@example.com,Gurugram,HR,HIGH,2022-03-07
CUST000417,Farhan Randhawa,farhan.randhawa303@example.com,Bengaluru,KA,MEDIUM,2024-10-02
CUST000418,Harinakshi Kant,harinakshi.kant790@example.com,Pune,MH,LOW,2015-02-06
CUST000419,Om Bose,om.bose39@example.com,Kochi,KL,MEDIUM,2014-09-04
CUST000420,Yashvi Hari,yashvi.hari612@example.com,Kolkata,WB,LOW,2023-07-19
CUST000421,Indali Divan,indali.divan852@example.com,Bengaluru,KA,MEDIUM,2022-06-06
CUST000422,Harshil Dhingra,harshil.dhingra739@example.com,Kolkata,WB,LOW,2022-10-09
CUST000423,Rudra Ghose,rudra.ghose693@example.com,Noida,UP,MEDIUM,2018-04-25
CUST000424,Faqid Goel,faqid.goel771@example.com,Gurugram,HR,MEDIUM,2020-02-04
CUST000425,Ucchal Sen,ucchal.sen547@example.com,Gurugram,HR,LOW,2021-03-28
CUST000426,Diya Dora,diya.dora377@example.com,Gurugram,HR,MEDIUM,2022-02-18
CUST000427,Ekansh Singh,ekansh.singh473@example.com,Kolkata,WB,MEDIUM,2016-08-08
CUST000428,Chavvi Maharaj,chavvi.maharaj541@example.com,Noida,UP,LOW,2015-03-17
CUST000429,Indira Tripathi,indira.tripathi821@example.com,Bengaluru,KA,MEDIUM,2022-01-03
CUST000430,Dayita Shenoy,dayita.shenoy657@example.com,Hyderabad,TS,LOW,2025-04-25
CUST000431,Baljiwan Bhandari,baljiwan.bhandari729@example.com,Delhi,DL,MEDIUM,2024-03-08
CUST000432,Bhavini Bose,bhavini.bose86@example.com,Pune,MH,MEDIUM,2020-02-03
CUST000433,Yashica Rajagopalan,yashica.rajagopalan928@example.com,Hyderabad,TS,LOW,2016-05-29
CUST000434,Benjamin Sengupta,benjamin.sengupta970@example.com,Noida,UP,HIGH,2024-06-05
CUST000435,Ekanta Soni,ekanta.soni953@example.com,Gurugram,HR,LOW,2018-08-24
CUST000436,David Seshadri,david.seshadri515@example.com,Mumbai,MH,LOW,2017-08-05
CUST000437,Hemal Chad,hemal.chad384@example.com,Noida,UP,LOW,2024-08-27
CUST000438,Balveer Kota,balveer.kota860@example.com,Delhi,DL,MEDIUM,2024-04-06
CUST000439,Reva Viswanathan,reva.viswanathan141@example.com,Delhi,DL,LOW,2023-03-18
CUST000440,Januja Pradhan,januja.pradhan778@example.com,Gurugram,HR,MEDIUM,2023-05-17
CUST000441,Lila Rege,lila.rege928@example.com,Gurugram,HR,LOW,2026-05-14
CUST000442,Charles Natt,charles.natt856@example.com,Hyderabad,TS,LOW,2021-08-25
CUST000443,Forum Chandra,forum.chandra434@example.com,Kochi,KL,LOW,2014-08-25
CUST000444,Bhanumati Krishnan,bhanumati.krishnan309@example.com,Hyderabad,TS,LOW,2021-02-26
CUST000445,Gauri Bumb,gauri.bumb655@example.com,Chennai,TN,MEDIUM,2017-01-25
CUST000446,Inaya Mukherjee,inaya.mukherjee114@example.com,Gurugram,HR,MEDIUM,2025-01-28
CUST000447,Kai Chad,kai.chad648@example.com,Gurugram,HR,LOW,2026-02-12
CUST000448,Krisha Narasimhan,krisha.narasimhan299@example.com,Chennai,TN,LOW,2023-04-07
CUST000449,Girik Sampath,girik.sampath247@example.com,Kolkata,WB,LOW,2018-07-28
CUST000450,Andrew Patil,andrew.patil537@example.com,Bengaluru,KA,HIGH,2024-07-25
CUST000451,Pranit Kala,pranit.kala558@example.com,Pune,MH,LOW,2014-09-08
CUST000452,Vedika Handa,vedika.handa400@example.com,Ahmedabad,GJ,MEDIUM,2026-01-11
CUST000453,Laksh Dubey,laksh.dubey383@example.com,Mumbai,MH,LOW,2017-10-22
CUST000454,Chakrika Chaudhuri,chakrika.chaudhuri808@example.com,Mumbai,MH,LOW,2018-06-23
CUST000455,Gayathri Deep,gayathri.deep791@example.com,Chennai,TN,LOW,2024-02-28
CUST000456,Mitesh Gaba,mitesh.gaba46@example.com,Delhi,DL,LOW,2023-06-30
CUST000457,Noah Sarma,noah.sarma851@example.com,Delhi,DL,MEDIUM,2022-07-23
CUST000458,Nirja Patla,nirja.patla647@example.com,Gurugram,HR,LOW,2015-10-02
CUST000459,Sachi Mane,sachi.mane734@example.com,Bengaluru,KA,MEDIUM,2025-01-26
CUST000460,Vivaan Walla,vivaan.walla301@example.com,Gurugram,HR,LOW,2025-08-28
CUST000461,Dayamai Singh,dayamai.singh324@example.com,Chennai,TN,HIGH,2025-07-18
CUST000462,Jhalak Sastry,jhalak.sastry835@example.com,Ahmedabad,GJ,LOW,2017-07-21
CUST000463,Baghyawati Raja,baghyawati.raja772@example.com,Hyderabad,TS,MEDIUM,2025-08-31
CUST000464,Neel Iyengar,neel.iyengar883@example.com,Hyderabad,TS,MEDIUM,2018-06-24
CUST000465,Zashil Ben,zashil.ben280@example.com,Jaipur,RJ,LOW,2019-01-15
CUST000466,Kamya Chauhan,kamya.chauhan911@example.com,Delhi,DL,LOW,2016-09-07
CUST000467,Bhavani Chacko,bhavani.chacko348@example.com,Gurugram,HR,HIGH,2017-10-24
CUST000468,Anjali Sengupta,anjali.sengupta377@example.com,Gurugram,HR,HIGH,2015-04-30
CUST000469,Rajeshri Chand,rajeshri.chand821@example.com,Ahmedabad,GJ,LOW,2020-07-03
CUST000470,Shravya Palla,shravya.palla441@example.com,Noida,UP,MEDIUM,2024-09-18
CUST000471,Oeshi Bera,oeshi.bera329@example.com,Bengaluru,KA,LOW,2019-11-24
CUST000472,Yadavi Prakash,yadavi.prakash314@example.com,Delhi,DL,LOW,2019-11-09
CUST000473,Libni Bumb,libni.bumb171@example.com,Kochi,KL,MEDIUM,2016-12-05
CUST000474,Udarsh Bala,udarsh.bala44@example.com,Delhi,DL,MEDIUM,2016-06-16
CUST000475,Hardik Nayak,hardik.nayak282@example.com,Delhi,DL,MEDIUM,2016-09-23
CUST000476,Laksh Barad,laksh.barad688@example.com,Mumbai,MH,MEDIUM,2024-10-20
CUST000477,Urmi Dewan,urmi.dewan821@example.com,Delhi,DL,MEDIUM,2014-12-23
CUST000478,Saumya Ahluwalia,saumya.ahluwalia147@example.com,Bengaluru,KA,MEDIUM,2025-10-14
CUST000479,Anirudh Kunda,anirudh.kunda36@example.com,Jaipur,RJ,LOW,2016-08-28
CUST000480,Mason Wable,mason.wable371@example.com,Chennai,TN,LOW,2018-04-09
CUST000481,Indrajit Mani,indrajit.mani620@example.com,Kolkata,WB,LOW,2025-10-04
CUST000482,Charvi Dara,charvi.dara381@example.com,Gurugram,HR,LOW,2018-03-02
CUST000483,William Saini,william.saini543@example.com,Pune,MH,LOW,2023-05-26
CUST000484,Dev Choudhry,dev.choudhry256@example.com,Delhi,DL,HIGH,2020-03-26
CUST000485,Amol Varma,amol.varma512@example.com,Mumbai,MH,LOW,2022-04-24
CUST000486,Maanas Manne,maanas.manne269@example.com,Ahmedabad,GJ,MEDIUM,2023-11-05
CUST000487,Aarav Pandit,aarav.pandit220@example.com,Kochi,KL,HIGH,2016-06-23
CUST000488,Omaja Grover,omaja.grover205@example.com,Hyderabad,TS,LOW,2015-06-21
CUST000489,Jalsa Bir,jalsa.bir177@example.com,Pune,MH,MEDIUM,2016-05-06
CUST000490,Madhavi Singhal,madhavi.singhal830@example.com,Gurugram,HR,MEDIUM,2024-07-07
CUST000491,Lila Prakash,lila.prakash727@example.com,Delhi,DL,LOW,2018-09-10
CUST000492,Amol Parikh,amol.parikh913@example.com,Ahmedabad,GJ,LOW,2019-12-22
CUST000493,Hemani Khosla,hemani.khosla813@example.com,Bengaluru,KA,LOW,2022-07-31
CUST000494,Gaurangi Deol,gaurangi.deol206@example.com,Chennai,TN,MEDIUM,2023-10-06
CUST000495,Indira Nigam,indira.nigam27@example.com,Chennai,TN,LOW,2015-05-28
CUST000496,Ucchal Srinivas,ucchal.srinivas479@example.com,Kolkata,WB,MEDIUM,2018-03-18
CUST000497,Krishna Bhatnagar,krishna.bhatnagar627@example.com,Ahmedabad,GJ,MEDIUM,2023-07-29
CUST000498,Balhaar Memon,balhaar.memon408@example.com,Pune,MH,HIGH,2019-07-20
CUST000499,Caleb Iyengar,caleb.iyengar539@example.com,Kochi,KL,LOW,2015-10-01
CUST000500,Diya Mukherjee,diya.mukherjee129@example.com,Noida,UP,HIGH,2024-10-30
